patient_id,group,age,sex,bmi,years_since_diagnosis,hba1c,ldl,triglycerides,family_history,polygenic_risk,metformin,sulfonylurea,insulin,diet,activity,sleep_mean_h,wake_hour,resting_hr,walk_after_meal_prob,meal_skip_prob,meal_size,dose_miss_prob,note,insulin_resistance,fasting_glucose,hypo_strength
P001,train,29,F,21.8,9,8.9,100,168,0,0.01,1,0,0,junk,sedentary,7.4,6.5,77,0.42,0.04,1.0,0.05,random patient,0.8,154,0.0
P002,train,57,M,28.2,18,9.6,146,160,0,0.27,1,0,1,junk,light,7.1,6.5,64,0.12,0.07,1.0,0.05,random patient,1.49,171,0.75
P003,train,43,F,24.2,20,7.9,85,209,1,0.82,1,1,0,millet,active,5.9,6.5,62,0.42,0.08,1.0,0.05,random patient,1.16,132,0.35
P004,train,40,F,27.5,5,8.0,128,82,1,0.66,1,0,0,millet,light,6.6,6.5,70,0.1,0.07,1.0,0.05,random patient,1.33,134,0.0
P005,train,68,F,25.0,11,8.3,96,221,1,0.76,1,0,1,rice_heavy,active,5.9,6.5,78,0.18,0.03,1.0,0.05,random patient,1.26,141,0.75
P006,train,27,F,24.6,7,8.6,99,147,1,0.72,1,1,0,junk,sedentary,6.8,6.5,70,0.12,0.07,1.0,0.05,random patient,1.25,148,0.35
P007,train,33,M,24.6,8,7.9,121,115,1,0.43,1,1,0,mixed,active,6.5,6.5,65,0.25,0.03,1.0,0.05,random patient,0.95,132,0.35
P008,train,61,M,25.0,2,6.5,66,174,1,0.69,1,1,0,junk,light,8.1,6.5,69,0.34,0.01,1.0,0.05,random patient,1.04,99,0.35
P009,train,65,F,32.6,0,8.3,82,146,1,0.87,1,0,0,rice_heavy,light,6.6,6.5,63,0.27,0.08,1.0,0.05,random patient,1.61,141,0.0
P010,train,73,M,35.5,14,8.8,85,145,1,0.33,1,0,1,wheat,active,6.9,6.5,60,0.11,0.06,1.0,0.05,random patient,1.36,152,0.75
P011,train,58,M,26.3,14,10.3,88,297,0,0.45,1,1,0,rice_heavy,active,6.1,6.5,64,0.18,0.05,1.0,0.05,random patient,1.31,187,0.35
P012,train,73,M,23.6,3,7.1,157,179,1,0.46,1,0,0,rice_heavy,sedentary,7.0,6.5,71,0.35,0.04,1.0,0.05,random patient,0.99,113,0.0
P013,train,62,F,27.3,15,7.1,98,257,1,0.9,1,0,0,rice_heavy,sedentary,6.1,6.5,81,0.49,0.05,1.0,0.05,random patient,1.21,113,0.0
P014,train,64,M,28.0,3,7.7,84,96,0,0.0,1,0,0,mixed,light,5.7,6.5,77,0.11,0.01,1.0,0.05,random patient,1.08,127,0.0
P015,train,29,F,25.0,8,9.1,103,184,0,0.5,1,1,0,mixed,sedentary,6.9,6.5,76,0.48,0.06,1.0,0.05,random patient,1.09,159,0.35
P016,train,46,M,25.2,9,7.4,90,70,1,0.83,1,0,0,junk,active,8.5,6.5,73,0.24,0.04,1.0,0.05,random patient,1.26,120,0.0
P017,train,30,F,18.6,10,6.5,197,99,1,0.46,1,0,0,mixed,sedentary,8.2,6.5,67,0.11,0.09,1.0,0.05,random patient,0.75,99,0.0
P018,train,40,M,24.8,12,6.7,93,198,1,0.61,1,1,0,mixed,sedentary,6.8,6.5,68,0.44,0.09,1.0,0.05,random patient,1.04,104,0.35
P019,train,50,M,39.2,3,9.9,117,103,1,0.71,1,1,0,wheat,sedentary,7.2,6.5,75,0.43,0.09,1.0,0.05,random patient,1.76,177,0.35
P020,train,30,F,24.4,10,8.2,114,258,0,0.28,1,0,0,junk,light,7.0,6.5,68,0.11,0.05,1.0,0.05,random patient,1.05,138,0.0
P021,train,55,M,19.6,4,8.6,149,204,1,0.64,1,0,0,wheat,sedentary,7.2,6.5,81,0.34,0.08,1.0,0.05,random patient,0.93,148,0.0
P022,train,68,M,26.8,1,8.6,112,240,1,0.77,1,0,0,junk,sedentary,5.5,6.5,75,0.11,0.1,1.0,0.05,random patient,1.24,148,0.0
P023,train,45,M,29.4,12,7.5,119,239,0,0.3,1,0,0,rice_heavy,light,7.0,6.5,76,0.41,0.05,1.0,0.05,random patient,0.96,122,0.0
P024,train,63,M,23.8,17,6.9,92,218,1,0.71,1,0,0,junk,light,7.0,6.5,79,0.21,0.03,1.0,0.05,random patient,1.0,109,0.0
P025,train,74,F,31.0,3,6.5,116,220,1,0.87,1,0,0,mixed,active,7.5,6.5,78,0.1,0.09,1.0,0.05,random patient,1.3,99,0.0
P026,train,73,F,18.0,10,7.6,72,73,1,0.85,1,0,0,rice_heavy,active,7.0,6.5,66,0.1,0.1,1.0,0.05,random patient,0.89,125,0.0
P027,train,59,F,28.6,5,8.5,116,201,0,0.2,1,0,0,rice_heavy,sedentary,7.0,6.5,77,0.46,0.07,1.0,0.05,random patient,1.16,145,0.0
P028,train,35,M,26.0,3,6.5,89,214,0,0.08,0,0,0,rice_heavy,light,7.9,6.5,76,0.07,0.02,1.0,0.05,random patient,1.02,99,0.0
P029,train,52,M,22.7,13,7.7,161,87,0,0.17,1,1,0,junk,light,7.2,6.5,64,0.37,0.02,1.0,0.05,random patient,0.81,127,0.35
P030,train,70,F,24.1,7,7.2,120,249,0,0.27,1,0,0,millet,light,6.5,6.5,72,0.47,0.01,1.0,0.05,random patient,0.91,115,0.0
P031,train,60,F,35.3,8,10.2,119,168,1,0.67,1,0,0,millet,light,5.5,6.5,80,0.19,0.0,1.0,0.05,random patient,1.7,184,0.0
P032,train,55,M,35.2,3,6.6,115,207,1,0.59,1,0,0,wheat,light,6.8,6.5,72,0.21,0.05,1.0,0.05,random patient,1.56,102,0.0
P033,train,53,F,29.1,18,8.6,129,235,1,0.53,1,0,1,mixed,sedentary,7.2,6.5,70,0.19,0.07,1.0,0.05,random patient,1.28,148,0.75
P034,train,33,F,18.0,13,9.8,21,137,1,0.54,0,0,1,millet,sedentary,7.2,6.5,76,0.37,0.04,1.0,0.05,random patient,0.98,175,0.75
P035,train,42,F,30.1,0,7.8,80,116,1,0.55,0,0,0,mixed,sedentary,7.9,6.5,78,0.09,0.08,1.0,0.05,random patient,1.32,129,0.0
P036,train,45,M,33.5,19,7.7,129,137,0,0.37,1,1,0,junk,sedentary,5.5,6.5,70,0.43,0.06,1.0,0.05,random patient,1.35,127,0.35
P037,train,45,F,25.8,14,8.6,126,187,1,0.76,1,0,1,mixed,light,6.6,6.5,66,0.43,0.03,1.0,0.05,random patient,1.16,148,0.75
P038,train,54,F,26.2,20,8.9,105,130,1,0.79,1,0,1,millet,light,6.7,6.5,66,0.18,0.07,1.0,0.05,random patient,1.32,154,0.75
P039,train,61,F,32.5,20,10.2,77,212,0,0.35,1,0,0,junk,light,6.1,6.5,81,0.49,0.1,1.0,0.05,random patient,1.55,184,0.0
P040,train,58,F,34.7,20,8.3,134,184,1,0.46,0,0,0,wheat,light,7.8,6.5,69,0.3,0.08,1.0,0.05,random patient,1.54,141,0.0
T01,test,27,F,21.5,0,6.6,123,121,1,0.49,1,0,0,millet,active,7.8,6.5,79,0.8,0.0,1.0,0.05,"young, newly diagnosed, athletic, well controlled",0.84,102,0.0
T02,test,74,F,24.0,20,10.4,78,70,1,0.59,0,0,1,rice_heavy,sedentary,5.5,6.5,78,0.0,0.12,1.0,0.2,"elderly, 20 years diabetic, insulin, poor control, skips meals",1.25,189,0.75
T03,test,45,F,38.5,6,9.2,99,161,1,0.9,1,0,0,rice_heavy,sedentary,6.0,6.5,76,0.02,0.09,1.3,0.05,"severely obese, strong insulin resistance, rice heavy",2.03,161,0.0
T04,test,52,M,20.5,8,7.2,115,242,1,0.7,1,1,0,wheat,light,7.0,6.5,81,0.18,0.2,1.0,0.05,"lean (thin-fat) Indian patient on sulfonylurea, skips meals, hypo risk",0.74,115,0.35
T05,test,38,M,29.0,3,8.1,70,220,0,0.42,1,0,0,junk,light,4.5,15.0,61,0.41,0.08,1.0,0.05,"night-shift worker, 4.5h sleep, junk food",1.32,136,0.0
T06,test,60,F,25.5,12,7.0,133,259,0,0.22,1,0,1,millet,active,7.5,6.5,81,0.9,0.15,1.0,0.05,"super healthy lifestyle BUT on insulin, so walking + skipped meals cause lows",0.86,111,0.75
T07,test,41,M,24.5,2,6.8,79,166,1,0.95,1,0,0,mixed,light,7.0,6.5,81,0.23,0.04,1.0,0.05,"mild now, but very high genetic risk",1.11,106,0.0
T08,test,29,F,31.5,1,8.8,130,148,1,0.47,0,0,0,junk,sedentary,5.8,6.5,65,0.0,0.07,1.2,0.05,"early-onset, no medicine, junk food, no exercise",1.55,152,0.0
T09,test,58,F,28.0,9,7.9,165,320,1,0.72,1,1,0,mixed,light,6.3,6.5,63,0.33,0.35,1.0,0.05,"high cholesterol, skips breakfast often, irregular eating",1.39,132,0.35
T10,test,50,F,33.0,14,9.8,98,116,0,0.57,1,0,1,junk,sedentary,5.0,6.5,80,0.0,0.1,1.5,0.4,"festival-week eating, huge sweet meals, misses insulin doses: wild swings",1.48,175,0.75
P041,train,50,F,29.6,13,7.7,116,122,0,0.0,1,1,0,junk,active,6.7,6.5,64,0.18,0.04,1.0,0.05,random patient,1.1,127,0.35
P042,train,39,F,23.7,11,7.8,62,191,1,0.88,0,0,0,rice_heavy,sedentary,6.9,6.5,60,0.11,0.03,1.0,0.05,random patient,1.19,129,0.0
P043,train,60,F,21.2,11,10.3,120,196,1,0.4,1,0,1,millet,sedentary,7.5,6.5,71,0.31,0.01,1.0,0.05,random patient,1.11,187,0.75
P044,train,28,M,28.6,5,7.1,120,164,1,0.75,1,0,0,wheat,light,7.0,6.5,70,0.39,0.09,1.0,0.05,random patient,1.13,113,0.0
P045,train,33,F,26.0,4,7.9,172,88,0,0.35,1,0,0,mixed,active,6.9,6.5,66,0.35,0.08,1.0,0.05,random patient,1.16,132,0.0
P046,train,59,M,18.0,15,11.1,105,281,0,0.35,1,0,0,millet,active,8.0,6.5,64,0.18,0.1,1.0,0.05,random patient,0.91,205,0.0
P047,train,53,F,24.0,5,7.8,79,233,1,0.57,1,0,0,wheat,light,6.2,6.5,80,0.19,0.03,1.0,0.05,random patient,1.24,129,0.0
P048,train,50,F,27.3,3,6.5,137,92,0,0.29,1,0,0,rice_heavy,light,5.6,6.5,74,0.27,0.09,1.0,0.05,random patient,0.99,99,0.0
P049,train,29,M,30.6,9,6.5,105,176,0,0.2,1,1,0,rice_heavy,sedentary,7.3,6.5,62,0.34,0.0,1.0,0.05,random patient,1.11,99,0.35
P050,train,50,F,22.7,20,9.8,70,136,1,0.52,1,0,1,junk,light,7.5,6.5,62,0.29,0.07,1.0,0.05,random patient,1.28,175,0.75
P051,train,65,M,34.2,13,6.8,135,219,0,0.26,1,1,0,mixed,sedentary,5.8,6.5,80,0.09,0.1,1.0,0.05,random patient,1.35,106,0.35
P052,train,44,M,18.0,4,9.0,104,201,1,0.75,1,0,0,junk,light,7.1,6.5,60,0.12,0.01,1.0,0.05,random patient,1.06,157,0.0
P053,train,51,M,21.1,6,7.0,134,210,1,0.88,1,0,0,millet,light,5.7,6.5,75,0.05,0.09,1.0,0.05,random patient,0.76,111,0.0
P054,train,62,F,24.9,9,8.8,96,248,1,0.5,1,1,0,wheat,light,5.8,6.5,62,0.12,0.05,1.0,0.05,random patient,1.17,152,0.35
P055,train,69,M,31.9,17,8.6,176,84,1,0.31,0,0,0,junk,sedentary,7.3,6.5,65,0.19,0.0,1.0,0.05,random patient,1.32,148,0.0
P056,train,39,M,23.5,0,7.7,134,104,0,0.43,1,0,0,junk,sedentary,5.9,6.5,64,0.29,0.03,1.0,0.05,random patient,1.0,127,0.0
P057,train,45,M,26.0,10,10.0,151,106,1,0.71,1,0,0,millet,sedentary,7.6,6.5,78,0.11,0.02,1.0,0.05,random patient,1.32,180,0.0
P058,train,58,F,21.3,6,7.2,89,192,0,0.34,1,0,0,rice_heavy,sedentary,7.0,6.5,66,0.4,0.06,1.0,0.05,random patient,0.86,115,0.0
P059,train,29,M,32.7,7,7.4,125,197,1,0.75,1,0,0,rice_heavy,light,6.9,6.5,69,0.23,0.09,1.0,0.05,random patient,1.49,120,0.0
P060,train,42,M,23.0,20,10.5,100,233,0,0.23,1,0,0,rice_heavy,sedentary,8.1,6.5,72,0.21,0.01,1.0,0.05,random patient,1.1,191,0.0
P061,train,65,M,29.0,11,8.6,94,143,1,0.75,1,1,0,millet,light,7.7,6.5,62,0.33,0.05,1.0,0.05,random patient,1.5,148,0.35
P062,train,49,M,22.7,6,8.1,141,147,1,0.7,1,0,0,mixed,sedentary,5.6,6.5,68,0.16,0.04,1.0,0.05,random patient,1.12,136,0.0
P063,train,59,F,25.5,18,9.7,134,136,0,0.13,0,0,0,junk,sedentary,7.8,6.5,74,0.15,0.02,1.0,0.05,random patient,1.12,173,0.0
P064,train,69,M,28.5,9,8.7,147,97,0,0.34,1,0,0,junk,sedentary,8.4,6.5,73,0.41,0.02,1.0,0.05,random patient,1.16,150,0.0
P065,train,32,F,28.2,4,7.0,82,70,1,0.46,1,0,0,millet,light,7.4,6.5,64,0.18,0.03,1.0,0.05,random patient,0.97,111,0.0
P066,train,75,F,27.0,13,8.6,101,70,0,0.49,1,0,0,mixed,light,8.4,6.5,60,0.26,0.04,1.0,0.05,random patient,1.21,148,0.0
P067,train,31,M,26.4,11,8.7,134,230,1,0.64,1,0,1,wheat,sedentary,8.5,6.5,80,0.15,0.01,1.0,0.05,random patient,1.14,150,0.75
P068,train,48,M,22.4,17,8.6,107,186,1,0.46,1,1,0,wheat,sedentary,6.5,6.5,69,0.38,0.05,1.0,0.05,random patient,0.89,148,0.35
P069,train,65,M,27.4,12,9.7,77,115,1,0.41,1,0,1,mixed,sedentary,8.0,6.5,70,0.33,0.04,1.0,0.05,random patient,1.22,173,0.75
P070,train,25,M,26.8,5,8.3,173,115,1,0.48,1,0,0,rice_heavy,sedentary,7.2,6.5,79,0.1,0.03,1.0,0.05,random patient,1.17,141,0.0
P071,train,31,M,24.8,11,7.0,109,244,1,0.86,1,1,0,millet,sedentary,6.9,6.5,63,0.41,0.0,1.0,0.05,random patient,1.19,111,0.35
P072,train,40,M,27.4,8,8.1,125,213,1,0.71,1,0,0,junk,light,6.4,6.5,63,0.31,0.07,1.0,0.05,random patient,1.31,136,0.0
P073,train,59,M,34.6,17,8.8,124,143,1,0.68,1,0,1,wheat,active,7.0,6.5,77,0.06,0.09,1.0,0.05,random patient,1.43,152,0.75
P074,train,46,M,31.5,8,7.6,138,182,1,0.81,1,0,0,mixed,sedentary,6.8,6.5,71,0.17,0.02,1.0,0.05,random patient,1.55,125,0.0
P075,train,25,M,21.5,5,9.4,135,100,0,0.36,1,0,0,mixed,sedentary,7.5,6.5,62,0.19,0.09,1.0,0.05,random patient,1.1,166,0.0
P076,train,63,F,27.4,12,8.7,8,198,1,0.73,1,0,1,wheat,light,7.9,6.5,63,0.13,0.01,1.0,0.05,random patient,1.21,150,0.75
P077,train,51,M,18.0,6,7.6,101,70,0,0.28,0,0,0,junk,light,7.0,6.5,63,0.17,0.04,1.0,0.05,random patient,0.62,125,0.0
P078,train,51,M,21.4,15,8.4,147,232,0,0.29,1,0,1,rice_heavy,light,6.1,6.5,62,0.13,0.06,1.0,0.05,random patient,0.95,143,0.75
P079,train,57,F,27.0,10,8.9,90,95,1,0.71,1,0,0,wheat,sedentary,7.3,6.5,67,0.21,0.08,1.0,0.05,random patient,1.18,154,0.0
P080,train,27,M,35.9,7,6.9,133,177,0,0.37,1,0,0,mixed,active,6.6,6.5,81,0.27,0.07,1.0,0.05,random patient,1.3,109,0.0
P081,train,69,F,22.4,1,7.1,139,194,1,0.59,1,0,0,mixed,light,6.3,6.5,77,0.34,0.06,1.0,0.05,random patient,1.07,113,0.0
P082,train,32,F,22.5,3,10.2,126,179,1,0.78,1,1,0,millet,sedentary,7.0,6.5,73,0.33,0.08,1.0,0.05,random patient,1.44,184,0.35
P083,train,42,M,35.0,19,8.7,113,70,1,0.73,1,0,0,junk,light,8.0,6.5,75,0.17,0.04,1.0,0.05,random patient,1.77,150,0.0
P084,train,58,M,30.2,7,7.4,170,290,1,0.57,1,0,0,wheat,sedentary,5.8,6.5,63,0.09,0.02,1.0,0.05,random patient,1.25,120,0.0
P085,train,59,F,31.4,13,8.7,90,160,0,0.4,1,0,1,junk,sedentary,5.3,6.5,65,0.32,0.03,1.0,0.05,random patient,1.51,150,0.75
P086,train,28,M,30.2,8,7.0,113,185,0,0.04,1,0,0,mixed,light,7.4,6.5,61,0.06,0.04,1.0,0.05,random patient,1.03,111,0.0
P087,train,67,F,26.4,9,9.2,147,158,0,0.4,1,0,0,mixed,sedentary,6.0,6.5,73,0.45,0.03,1.0,0.05,random patient,1.21,161,0.0
P088,train,55,F,31.7,6,6.5,100,184,1,0.73,1,0,0,wheat,sedentary,5.8,6.5,68,0.24,0.04,1.0,0.05,random patient,1.33,99,0.0
P089,train,71,F,19.7,19,8.0,116,177,0,0.37,1,1,0,mixed,sedentary,6.5,6.5,81,0.39,0.08,1.0,0.05,random patient,0.77,134,0.35
P090,train,44,F,28.9,1,6.6,145,219,0,0.09,1,0,0,mixed,sedentary,7.0,6.5,74,0.06,0.01,1.0,0.05,random patient,0.99,102,0.0
P091,train,67,M,28.0,19,10.5,97,244,1,0.99,1,0,1,mixed,light,5.4,6.5,65,0.09,0.07,1.0,0.05,random patient,1.69,191,0.75
P092,train,40,M,24.2,1,6.5,113,113,0,0.43,1,0,0,millet,active,6.5,6.5,68,0.18,0.1,1.0,0.05,random patient,0.87,99,0.0
P093,train,50,M,18.0,4,8.0,121,148,1,0.66,0,0,0,rice_heavy,light,6.3,6.5,64,0.25,0.03,1.0,0.05,random patient,0.97,134,0.0
P094,train,52,M,18.4,19,9.1,134,184,0,0.35,1,0,0,rice_heavy,light,7.6,6.5,79,0.11,0.05,1.0,0.05,random patient,0.96,159,0.0
P095,train,34,F,31.2,9,6.8,119,104,1,0.62,1,0,0,rice_heavy,sedentary,5.4,6.5,69,0.06,0.03,1.0,0.05,random patient,1.06,106,0.0
P096,train,49,F,33.7,15,7.8,156,155,1,0.73,1,0,0,wheat,light,5.5,6.5,68,0.07,0.09,1.0,0.05,random patient,1.35,129,0.0
P097,train,26,F,27.5,5,7.4,97,225,1,0.9,1,0,0,millet,sedentary,5.0,6.5,78,0.11,0.08,1.0,0.05,random patient,1.21,120,0.0
P098,train,71,F,30.7,6,7.6,148,187,0,0.39,1,0,0,junk,light,6.3,6.5,71,0.2,0.08,1.0,0.05,random patient,1.03,125,0.0
P099,train,25,M,34.8,0,6.9,108,261,0,0.23,1,0,0,junk,sedentary,7.1,6.5,69,0.29,0.07,1.0,0.05,random patient,1.25,109,0.0
P100,train,58,F,29.8,2,7.7,105,213,0,0.29,1,0,0,millet,sedentary,7.5,6.5,72,0.4,0.07,1.0,0.05,random patient,1.17,127,0.0
P101,train,50,M,25.7,12,8.3,73,91,0,0.4,0,0,0,millet,sedentary,6.6,6.5,75,0.47,0.1,1.0,0.05,random patient,1.07,141,0.0
P102,train,58,M,25.4,13,8.9,133,127,1,0.61,1,0,0,junk,active,6.9,6.5,75,0.13,0.03,1.0,0.05,random patient,1.23,154,0.0
P103,train,71,F,18.0,12,7.5,151,174,0,0.07,1,0,0,millet,sedentary,7.5,6.5,63,0.5,0.07,1.0,0.05,random patient,0.69,122,0.0
P104,train,47,F,21.2,3,7.5,88,271,1,0.62,1,0,0,mixed,active,7.2,6.5,67,0.47,0.02,1.0,0.05,random patient,0.96,122,0.0
P105,train,42,F,25.7,9,8.4,114,163,1,0.55,1,0,0,millet,light,7.3,6.5,79,0.33,0.0,1.0,0.05,random patient,1.06,143,0.0
P106,train,36,F,24.8,8,9.1,107,203,1,0.61,1,0,0,mixed,sedentary,7.8,6.5,79,0.34,0.06,1.0,0.05,random patient,1.15,159,0.0
P107,train,69,F,28.9,4,8.5,90,225,1,0.57,1,1,0,wheat,sedentary,6.4,6.5,81,0.14,0.06,1.0,0.05,random patient,1.37,145,0.35
P108,train,49,F,34.0,0,6.5,131,105,1,0.89,1,1,0,millet,sedentary,7.0,6.5,66,0.1,0.09,1.0,0.05,random patient,1.24,99,0.35
P109,train,25,M,26.9,5,7.3,138,297,1,0.89,1,0,0,millet,sedentary,5.8,6.5,66,0.37,0.09,1.0,0.05,random patient,1.3,118,0.0
P110,train,57,F,28.1,20,9.1,98,151,0,0.15,1,0,0,wheat,active,7.1,6.5,80,0.28,0.02,1.0,0.05,random patient,1.08,159,0.0
P111,train,37,F,31.4,17,7.7,94,70,0,0.44,1,1,0,rice_heavy,active,5.9,6.5,73,0.39,0.07,1.0,0.05,random patient,1.33,127,0.35
P112,train,35,M,22.8,13,7.0,150,113,0,0.25,1,0,0,millet,sedentary,7.8,6.5,62,0.36,0.08,1.0,0.05,random patient,0.95,111,0.0
P113,train,26,M,25.2,6,7.6,134,214,1,0.35,0,1,0,rice_heavy,active,7.1,6.5,68,0.37,0.1,1.0,0.05,random patient,0.97,125,0.35
P114,train,31,M,18.0,11,7.1,95,320,0,0.58,1,0,0,mixed,light,7.6,6.5,69,0.09,0.07,1.0,0.05,random patient,0.64,113,0.0
P115,train,67,F,30.4,5,9.9,55,146,0,0.27,0,0,0,millet,sedentary,6.8,6.5,63,0.13,0.06,1.0,0.05,random patient,1.44,177,0.0
P116,train,73,F,28.3,7,7.4,153,117,1,0.42,1,1,0,rice_heavy,sedentary,5.6,6.5,77,0.31,0.06,1.0,0.05,random patient,1.08,120,0.35
P117,train,59,M,19.3,14,8.6,157,153,0,0.39,0,1,0,junk,light,6.5,6.5,78,0.37,0.07,1.0,0.05,random patient,0.85,148,0.35
P118,train,61,M,26.9,19,9.5,80,150,1,0.71,1,0,0,rice_heavy,light,5.9,6.5,70,0.17,0.1,1.0,0.05,random patient,1.31,168,0.0
P119,train,57,M,28.5,3,6.5,107,163,0,0.22,1,0,0,millet,sedentary,5.9,6.5,80,0.19,0.01,1.0,0.05,random patient,1.13,99,0.0
P120,train,55,M,27.3,12,7.4,146,105,1,0.59,1,0,0,junk,sedentary,7.5,6.5,75,0.12,0.07,1.0,0.05,random patient,1.1,120,0.0
P121,train,74,F,29.0,17,8.2,143,235,0,0.59,1,1,0,rice_heavy,sedentary,6.1,6.5,75,0.19,0.08,1.0,0.05,random patient,1.36,138,0.35
P122,train,58,F,35.7,15,9.2,91,192,0,0.42,0,1,0,wheat,sedentary,6.8,6.5,69,0.49,0.03,1.0,0.05,random patient,1.48,161,0.35
P123,train,33,M,28.6,0,7.9,87,179,1,0.73,1,0,0,wheat,sedentary,6.8,6.5,70,0.42,0.03,1.0,0.05,random patient,1.12,132,0.0
P124,train,36,M,33.5,15,9.6,108,223,0,0.27,1,0,0,wheat,active,5.8,6.5,71,0.47,0.02,1.0,0.05,random patient,1.3,171,0.0
P125,train,61,M,25.9,20,9.5,96,218,1,0.83,1,0,0,wheat,sedentary,5.5,6.5,69,0.1,0.02,1.0,0.05,random patient,1.36,168,0.0
P126,train,51,F,27.6,1,7.5,87,141,1,0.91,1,0,0,junk,light,5.9,6.5,64,0.33,0.03,1.0,0.05,random patient,1.28,122,0.0
P127,train,40,F,38.8,12,7.9,112,209,1,0.7,1,1,0,mixed,light,7.1,6.5,76,0.1,0.04,1.0,0.05,random patient,1.71,132,0.35
P128,train,42,M,28.6,4,7.5,77,282,1,0.76,1,1,0,junk,sedentary,6.0,6.5,64,0.31,0.08,1.0,0.05,random patient,1.38,122,0.35
P129,train,64,M,23.6,13,6.9,104,169,1,0.78,1,1,0,wheat,sedentary,7.4,6.5,80,0.44,0.07,1.0,0.05,random patient,1.13,109,0.35
P130,train,59,M,29.0,1,7.5,95,140,0,0.33,1,0,0,mixed,sedentary,7.2,6.5,78,0.14,0.03,1.0,0.05,random patient,1.2,122,0.0
P131,train,72,F,18.0,14,7.3,133,113,0,0.63,1,0,0,rice_heavy,sedentary,6.2,6.5,66,0.45,0.04,1.0,0.05,random patient,0.91,118,0.0
P132,train,51,F,26.8,15,7.4,111,123,1,0.77,1,0,0,rice_heavy,sedentary,6.8,6.5,70,0.07,0.07,1.0,0.05,random patient,1.22,120,0.0
P133,train,45,F,29.6,3,7.8,111,213,1,0.79,1,0,0,wheat,sedentary,7.0,6.5,67,0.07,0.08,1.0,0.05,random patient,1.18,129,0.0
P134,train,72,M,32.3,8,8.1,140,145,0,0.32,1,0,0,junk,active,8.0,6.5,73,0.09,0.03,1.0,0.05,random patient,1.25,136,0.0
P135,train,67,F,30.8,16,9.5,82,148,0,0.42,1,0,0,junk,light,8.5,6.5,69,0.18,0.06,1.0,0.05,random patient,1.24,168,0.0
P136,train,53,F,26.6,7,9.4,73,245,0,0.29,1,0,0,mixed,light,6.5,6.5,63,0.2,0.02,1.0,0.05,random patient,1.31,166,0.0
P137,train,48,M,22.9,12,7.5,89,81,1,0.62,1,0,0,wheat,sedentary,6.6,6.5,63,0.48,0.08,1.0,0.05,random patient,0.9,122,0.0
P138,train,65,F,27.6,9,8.3,110,275,1,0.84,1,0,0,rice_heavy,sedentary,6.6,6.5,76,0.43,0.03,1.0,0.05,random patient,1.4,141,0.0
P139,train,34,F,21.9,8,8.1,128,224,1,0.46,1,0,0,mixed,light,7.9,6.5,62,0.2,0.02,1.0,0.05,random patient,1.16,136,0.0
P140,train,32,M,20.3,12,7.9,165,166,1,0.69,1,1,0,rice_heavy,active,6.7,6.5,73,0.37,0.0,1.0,0.05,random patient,0.93,132,0.35
P141,train,75,M,30.6,5,7.2,113,136,1,0.4,1,1,0,mixed,active,7.2,6.5,75,0.3,0.01,1.0,0.05,random patient,1.2,115,0.35
P142,train,74,M,26.9,12,7.1,147,234,0,0.27,0,0,0,rice_heavy,active,6.8,6.5,63,0.09,0.06,1.0,0.05,random patient,1.0,113,0.0
P143,train,73,M,27.6,5,8.1,81,70,0,0.22,0,0,0,mixed,light,6.4,6.5,78,0.2,0.08,1.0,0.05,random patient,1.08,136,0.0
P144,train,66,M,25.9,16,9.4,138,124,0,0.0,1,0,1,junk,light,5.9,6.5,74,0.15,0.03,1.0,0.05,random patient,1.04,166,0.75
P145,train,27,F,20.2,7,10.6,116,336,1,0.49,1,0,0,wheat,sedentary,6.8,6.5,65,0.43,0.06,1.0,0.05,random patient,1.2,194,0.0
P146,train,34,M,28.1,14,6.7,121,111,0,0.41,1,0,0,junk,light,7.4,6.5,70,0.28,0.07,1.0,0.05,random patient,0.95,104,0.0
P147,train,35,F,35.8,15,7.5,107,92,1,0.68,1,0,0,millet,light,7.7,6.5,74,0.45,0.09,1.0,0.05,random patient,1.47,122,0.0
P148,train,53,M,22.6,13,9.2,109,150,0,0.33,1,0,0,rice_heavy,sedentary,7.3,6.5,71,0.33,0.05,1.0,0.05,random patient,1.01,161,0.0
P149,train,51,F,21.4,1,6.5,76,70,1,0.45,1,1,0,junk,light,6.5,6.5,66,0.28,0.07,1.0,0.05,random patient,0.86,99,0.35
P150,train,37,M,25.6,12,7.3,132,235,1,0.91,1,0,0,mixed,sedentary,7.6,6.5,67,0.17,0.01,1.0,0.05,random patient,1.09,118,0.0
