patient_id,group,mean_glucose,pct_in_range_70_180,pct_high_over_180,pct_low_under_70,min_glucose,max_glucose,mean_steps_per_day
P001,train,161,93.8,6.2,0.0,137,203,4842
P002,train,146,96.2,3.8,0.0,88,213,7690
P003,train,128,100.0,0.0,0.0,98,172,14075
P004,train,146,94.7,5.3,0.0,117,214,7875
P005,train,119,99.3,0.0,0.7,63,174,14410
P006,train,143,96.5,3.5,0.0,108,227,3679
P007,train,127,100.0,0.0,0.0,95,170,13325
P008,train,89,93.1,0.0,6.9,51,135,8423
P009,train,154,89.0,11.0,0.0,128,227,7930
P010,train,129,99.7,0.3,0.0,82,187,12630
P011,train,184,43.1,56.9,0.0,150,243,13350
P012,train,120,100.0,0.0,0.0,96,173,4480
P013,train,127,99.9,0.1,0.0,100,182,5128
P014,train,143,97.3,2.7,0.0,114,202,7954
P015,train,151,98.6,1.4,0.0,119,201,4819
P016,train,128,98.9,1.1,0.0,105,198,12433
P017,train,104,100.0,0.0,0.0,82,145,3423
P018,train,96,99.9,0.0,0.1,67,133,4213
P019,train,173,78.3,21.7,0.0,137,265,4386
P020,train,147,94.3,5.7,0.0,124,202,7646
P021,train,153,98.7,1.3,0.0,130,194,4450
P022,train,166,82.9,17.1,0.0,134,243,3750
P023,train,129,100.0,0.0,0.0,107,175,8941
P024,train,118,100.0,0.0,0.0,94,176,8131
P025,train,107,100.0,0.0,0.0,76,183,12274
P026,train,134,99.8,0.2,0.0,104,183,13426
P027,train,153,92.8,7.2,0.0,126,216,3984
P028,train,113,100.0,0.0,0.0,86,178,7896
P029,train,116,100.0,0.0,0.0,80,161,8580
P030,train,121,100.0,0.0,0.0,100,169,9034
P031,train,205,1.3,98.7,0.0,175,298,8606
P032,train,115,99.2,0.8,0.0,87,195,8289
P033,train,122,99.7,0.0,0.3,63,176,3823
P034,train,157,95.4,4.6,0.0,97,195,4206
P035,train,144,93.6,6.4,0.0,117,220,3252
P036,train,128,99.4,0.6,0.0,86,191,4337
P037,train,126,100.0,0.0,0.0,70,180,9636
P038,train,135,99.8,0.2,0.0,79,194,8184
P039,train,203,2.7,97.3,0.0,168,283,8407
P040,train,154,92.2,7.8,0.0,131,244,8604
T01,test,105,100.0,0.0,0.0,87,135,15729
T02,test,178,49.1,50.9,0.0,123,269,3245
T03,test,190,55.6,44.4,0.0,146,340,3290
T04,test,104,100.0,0.0,0.0,77,137,8231
T05,test,159,88.7,11.3,0.0,129,251,8246
T06,test,83,80.2,0.0,19.8,40,116,14506
T07,test,114,100.0,0.0,0.0,90,179,7484
T08,test,184,61.7,38.3,0.0,141,296,3025
T09,test,128,99.6,0.4,0.0,84,189,7630
T10,test,171,60.7,39.3,0.0,80,306,3296
