patient_id,remedy,pred_drop,true_drop,error
T01,walk 10 min,1.2775345,4.81317487583992,-3.5356403909766385
T01,walk 10 min,0.792099,4.1453038494877035,-3.353204850464266
T01,walk 10 min,0.63747406,2.654822907305686,-2.017348847247092
T01,walk 10 min,0.57468414,1.4493945501991732,-0.8747104071327669
T01,walk 10 min,1.0085678,4.410834297404421,-3.402266487345827
T01,walk 10 min,0.8299713,5.2093440000000015,-4.379372686523439
T01,walk 10 min,0.59859467,0.8945554911479263,-0.29596082562058257
T01,walk 10 min,1.2650146,4.55483263165803,-3.28981798322053
T01,walk 10 min,1.2397766,5.673702668354522,-4.433926057026397
T01,30% smaller portion,5.714035,5.156973081257064,0.5570619529226235
T01,30% smaller portion,3.4508514,4.441396981593968,-0.9905455411642805
T01,30% smaller portion,2.2901688,2.844453114970378,-0.5542843527633465
T01,30% smaller portion,-1.9635315,1.5172084466419733,-3.4807399407825983
T01,30% smaller portion,0.46604156,4.725893890076165,-4.259852325134759
T01,30% smaller portion,4.46109,5.581440000000001,-1.1203499121093756
T01,30% smaller portion,2.841423,0.9584523119441997,1.882970722723769
T01,30% smaller portion,3.5727463,4.880177819633602,-1.307431542778133
T01,30% smaller portion,7.08255,6.078967144665555,1.0035829041625703
T01,low-GI swap (GI 50),5.872673,4.9114029345305426,0.9612701001374262
T01,low-GI swap (GI 50),0.7442627,0.8619554893849681,-0.11769279407246813
T01,low-GI swap (GI 50),5.7618866,6.822745175829127,-1.0608585791494392
T01,low-GI swap (GI 50),2.519104,0.7372710091878503,1.7818329947183997
T01,low-GI swap (GI 50),3.902298,4.647788399651063,-0.7454904260182502
T01,low-GI swap (GI 50),2.0185776,1.842111255959253,0.1764663197243408
T01,walk + smaller portion,6.72229,8.526195494345004,-1.8039054552825036
T01,walk + smaller portion,4.166809,7.343109676235372,-3.176300594204122
T01,walk + smaller portion,2.8232117,4.702829150084341,-1.8796174801624659
T01,walk + smaller portion,-1.4045334,2.1817846317813974,-3.586318018011866
T01,walk + smaller portion,1.126976,7.813477898259265,-6.686501885075671
T01,walk + smaller portion,5.064331,8.120749967862821,-3.056418913175321
T01,walk + smaller portion,3.5121307,1.5846411557477467,1.9274895815569408
T01,walk + smaller portion,4.497528,8.068560661794237,-3.571032585622362
T01,walk + smaller portion,7.7422714,10.050559012513716,-2.3082875891738723
T02,walk 10 min,1.2754211,21.374350408526,-20.098929265947874
T02,walk 10 min,-0.70077515,1.3477199374605675,-2.0484950839449425
T02,walk 10 min,1.221756,16.32866537350725,-15.106909392061937
T02,walk 10 min,0.3743744,15.457803220253538,-15.0834288306051
T02,walk 10 min,0.40127563,12.76653784130707,-12.365262206541445
T02,walk 10 min,0.26464844,5.069999999999993,-4.805351562499993
T02,walk 10 min,0.16758728,8.351344751715175,-8.183757471441737
T02,walk 10 min,0.40818787,14.369225528686371,-13.961037662475434
T02,walk 10 min,1.2680359,19.84318821169319,-18.575152323021314
T02,walk 10 min,0.1812439,3.5287211614660805,-3.3474772649817055
T02,walk 10 min,0.909317,15.072614190929755,-14.163297174328193
T02,walk 10 min,0.3046112,10.439792029500978,-10.13518082344629
T02,walk 10 min,0.50938416,20.806160785002618,-20.29677662972918
T02,walk 10 min,0.5573425,2.1924315884331236,-1.6350890591362486
T02,walk 10 min,0.29985046,9.295598414935853,-8.995747951068665
T02,walk 10 min,0.73753357,10.038663491991855,-9.301129922655917
T02,walk 10 min,1.2605133,19.817338152355717,-18.556824846691654
T02,walk 10 min,0.82273865,9.391155422537395,-8.568416775076457
T02,walk 10 min,0.22235107,0.8904239241399239,-0.6680728499211739
T02,walk 10 min,1.2612762,18.422084011136377,-17.16080776601919
T02,walk 10 min,1.06427,10.550829933650846,-9.486559914119596
T02,walk 10 min,1.2980042,20.515502648765533,-19.21749849837491
T02,walk 10 min,0.5492096,1.9102032296016773,-1.3609936348751148
T02,walk 10 min,0.22123718,5.5130940724598645,-5.291856889842677
T02,walk 10 min,0.5420532,18.139529822249443,-17.597476599593193
T02,walk 10 min,0.33135986,8.506419523106075,-8.175059659824825
T02,walk 10 min,0.9709778,22.27397430437398,-21.302996521170854
T02,walk 10 min,0.45028687,9.37851549657853,-8.928228631344155
T02,walk 10 min,0.78526306,17.087457351658287,-16.30219429013485
T02,walk 10 min,0.42871094,17.97548803510884,-17.54677709760884
T02,walk 10 min,0.6873932,2.639525932369992,-1.9521327438934293
T02,walk 10 min,1.0101776,19.659445362672415,-18.649267750367727
T02,walk 10 min,0.16351318,5.403333318842755,-5.239820135249005
T02,walk 10 min,0.6432953,11.957607258137614,-11.314311970051676
T02,walk 10 min,0.4343567,5.359151712330572,-4.924795022877447
T02,walk 10 min,0.9142914,17.584716556084715,-16.670425174248777
T02,walk 10 min,0.1750946,9.387160177431667,-9.21206557293948
T02,walk 10 min,1.2932587,21.168827808444007,-19.87556914145182
T02,walk 10 min,0.0753479,4.998605715567805,-4.92325781517718
T02,walk 10 min,0.34936523,14.369225528686371,-14.019860294311371
T02,walk 10 min,0.55693054,17.584716556084715,-17.027786014092527
T02,walk 10 min,0.088272095,4.172881151007402,-4.08460905628084
T02,walk 10 min,0.7833252,20.80582215756803,-20.02249696225553
T02,walk 10 min,1.0452881,20.28791213533617,-19.24262404939867
T02,walk 10 min,0.087509155,3.301167453052642,-3.2136582977792045
T02,walk 10 min,1.2175293,20.80582215756803,-19.58829286069303
T02,30% smaller portion,15.626389,9.161954896544245,6.464433653260443
T02,30% smaller portion,-0.056411743,0.26154336094890596,-0.31795510411296846
T02,30% smaller portion,12.892487,10.3808185857321,2.5116679865335243
T02,30% smaller portion,9.363922,9.569636078386765,-0.20571395924613967
T02,30% smaller portion,24.10318,7.180066648174744,16.92311328346588
T02,30% smaller portion,4.691101,2.4244014926183297,2.2666995816004203
T02,30% smaller portion,4.3455963,5.309300719403495,-0.9637044059269328
T02,30% smaller portion,9.737686,9.135120355444258,0.6025658017823048
T02,30% smaller portion,13.692993,4.749051669939718,8.943941494122782
T02,30% smaller portion,-0.8007202,-1.5556086952792612,0.7548884804355112
T02,30% smaller portion,9.592041,9.582294079137313,0.009746936487687208
T02,30% smaller portion,7.8831787,3.243622406326125,4.639556304611375
T02,30% smaller portion,14.233978,12.730180926567812,1.5037973449165634
T02,30% smaller portion,-0.3466797,-2.5425315794329038,2.1958518919329038
T02,30% smaller portion,5.283554,5.582031224158243,-0.2984771470098053
T02,30% smaller portion,6.235962,6.028243751481256,0.20771816258124431
T02,30% smaller portion,13.362869,11.145528293735282,2.2173409689600305
T02,30% smaller portion,6.7865295,3.0094633903713657,3.7770661506442593
T02,30% smaller portion,-0.09487915,-1.3669765847672295,1.2720974343766045
T02,30% smaller portion,13.369629,11.711692763390062,1.6579361428599384
T02,30% smaller portion,5.5108337,6.707605855396139,-1.1967721151617638
T02,30% smaller portion,13.499542,13.042566941048051,0.4569752952800741
T02,30% smaller portion,0.23060608,-2.5599467587873903,2.790552837888953
T02,30% smaller portion,0.4747162,3.100635690738386,-2.6259195042149486
T02,30% smaller portion,11.453888,10.892835225826047,0.5610527136270775
T02,30% smaller portion,3.76503,-1.904180470912678,5.6692103781392404
T02,30% smaller portion,21.012619,14.160501250280703,6.852117768273985
T02,30% smaller portion,6.280655,5.962316315907685,0.3183385913188772
T02,30% smaller portion,15.775238,5.475798772421257,10.299439264688118
T02,30% smaller portion,15.548553,11.42777293882304,4.120780527973835
T02,30% smaller portion,0.28196716,0.8458550949268613,-0.5638879318409238
T02,30% smaller portion,13.897614,10.7897210717326,3.1078924536580246
T02,30% smaller portion,5.792679,3.324720791818379,2.4679580411894335
T02,30% smaller portion,7.892456,7.601953302782277,0.29050275190522257
T02,30% smaller portion,6.057068,3.4070378948043754,2.6500299762893746
T02,30% smaller portion,13.922272,11.179343092326889,2.7429286361887364
T02,30% smaller portion,2.8386688,5.2794607707167245,-2.440791947474537
T02,30% smaller portion,21.88852,9.073859176385156,12.814660110724219
T02,30% smaller portion,3.023346,2.744342098679823,0.27900384858580196
T02,30% smaller portion,11.540573,9.135120355444258,2.40545276467293
T02,30% smaller portion,25.241089,11.124080307966096,14.117008559221404
T02,30% smaller portion,-2.3465118,2.6528758607982184,-4.999387701618531
T02,30% smaller portion,14.940201,12.493950765043849,2.446250040620214
T02,30% smaller portion,20.406998,11.438831669886213,8.96816601077785
T02,30% smaller portion,-0.45750427,-1.8590794847910956,1.4015752123301581
T02,30% smaller portion,16.02121,12.493950765043849,3.5272589517530264
T02,low-GI swap (GI 50),14.002502,8.725671330042132,5.2768311113641175
T02,low-GI swap (GI 50),13.930542,11.53424287303568,2.39629911915182
T02,low-GI swap (GI 50),11.11705,10.939734278575116,0.17731589232332112
T02,low-GI swap (GI 50),21.346664,6.335352924860047,15.01131150385089
T02,low-GI swap (GI 50),3.6636963,2.0033836507971614,1.6603126382653386
T02,low-GI swap (GI 50),3.7609558,4.68467710535603,-0.9237212948091553
T02,low-GI swap (GI 50),11.606583,10.930913245830737,0.6756693957708251
T02,low-GI swap (GI 50),12.284164,4.713382542799707,7.570781885911231
T02,low-GI swap (GI 50),-1.3668518,-0.8642270529329323,-0.5026247537076927
T02,low-GI swap (GI 50),10.590622,10.646993421263687,-0.056371473021499696
T02,low-GI swap (GI 50),7.429886,3.160592767929643,4.26929309632817
T02,low-GI swap (GI 50),15.490494,14.144645473964232,1.3458483004498305
T02,low-GI swap (GI 50),-0.81651306,-1.4125175441294004,0.596004482605963
T02,low-GI swap (GI 50),1.6004639,1.69152461338129,-0.09106074619379001
T02,low-GI swap (GI 50),4.9510345,4.637110578062504,0.3139239678359331
T02,low-GI swap (GI 50),12.031433,10.614788851176456,1.4166442542922937
T02,low-GI swap (GI 50),5.265274,2.314971838747198,2.9503022091043647
T02,low-GI swap (GI 50),14.311722,13.012991959322306,1.298729842435506
T02,low-GI swap (GI 50),5.2473755,6.388196052758218,-1.140820564476968
T02,low-GI swap (GI 50),12.366791,12.421492324807673,-0.05470155332329796
T02,low-GI swap (GI 50),-0.91519165,-1.9691898144518234,1.0539981640611984
T02,low-GI swap (GI 50),12.410507,12.103150250917821,0.30735695123061646
T02,low-GI swap (GI 50),0.9016571,-3.4802240627619483,4.381881167254136
T02,low-GI swap (GI 50),19.27919,13.486191666934019,5.792998396542544
T02,low-GI swap (GI 50),7.675827,7.452895394884592,0.2229316314825951
T02,low-GI swap (GI 50),17.249908,6.084220858245857,11.165687589019768
T02,low-GI swap (GI 50),14.712387,10.883593275069586,3.8287938098913514
T02,low-GI swap (GI 50),14.72757,11.988578968591781,2.7389906114863436
T02,low-GI swap (GI 50),6.9940186,6.707605855396139,0.28641269929136115
T02,low-GI swap (GI 50),3.402298,1.8927988304468784,1.5094991431859341
T02,low-GI swap (GI 50),12.653091,10.646993421263716,2.006098009400347
T02,low-GI swap (GI 50),2.6076965,5.028057876873078,-2.4203613436699527
T02,low-GI swap (GI 50),19.964294,8.641770644176347,11.322523789417403
T02,low-GI swap (GI 50),2.2401886,2.1110323835998486,0.12915621503296393
T02,low-GI swap (GI 50),13.7738495,10.930913245830737,2.84293624147395
T02,low-GI swap (GI 50),27.777557,12.34897744179392,15.428579931252955
T02,low-GI swap (GI 50),-1.8592224,2.040673739075544,-3.899896151184919
T02,low-GI swap (GI 50),13.614639,11.899000728613174,1.7156385536133882
T02,low-GI swap (GI 50),22.38115,12.709812966540255,9.671336325451932
T02,low-GI swap (GI 50),-0.9731903,-1.0328219359950594,0.05963162837787195
T02,low-GI swap (GI 50),14.440338,11.899000728613174,2.5413374061524507
T02,walk + smaller portion,16.817978,24.124000182512447,-7.306022277239009
T02,walk + smaller portion,-0.7095337,1.2049473171713032,-1.9144810085775532
T02,walk + smaller portion,13.93309,21.81088434718717,-7.877794137226232
T02,walk + smaller portion,9.79718,20.647637182003876,-10.850457006222626
T02,walk + smaller portion,24.451935,16.11664313708968,8.335291677363443
T02,walk + smaller portion,4.957123,5.815027654253498,-0.8579048515191232
T02,walk + smaller portion,4.6438293,11.155242045604126,-6.511412699901001
T02,walk + smaller portion,10.193573,19.193578225524732,-9.000005227477857
T02,walk + smaller portion,14.851166,16.050117423691773,-1.1989516522073984
T02,walk + smaller portion,-0.36489868,0.9144961177469781,-1.2793947993876031
T02,walk + smaller portion,9.915527,20.13312401278816,-10.217596669038159
T02,walk + smaller portion,8.083084,9.287652151091322,-1.2045680446460096
T02,walk + smaller portion,14.779266,27.569627612480275,-12.7903612550584
T02,walk + smaller portion,0.20594788,-1.0078294675297172,1.2137773435062797
T02,walk + smaller portion,5.6126404,12.08895011461334,-6.476309733753965
T02,walk + smaller portion,6.4045715,13.05530819587554,-6.650736662672415
T02,walk + smaller portion,13.790298,25.017665000384284,-11.227366538470221
T02,walk + smaller portion,7.0961456,9.583272186147553,-2.487126556264741
T02,walk + smaller portion,0.121292114,-0.7436798378692799,0.8649719521270924
T02,walk + smaller portion,14.572617,24.60715157118554,-10.034534994037102
T02,walk + smaller portion,5.72171,14.093186808951714,-8.371476603873589
T02,walk + smaller portion,14.222885,27.40341879518391,-13.180533663347973
T02,walk + smaller portion,0.7737732,-1.2228044980662105,1.9965776914255855
T02,walk + smaller portion,0.7441864,6.95980154146028,-6.215615140093092
T02,walk + smaller portion,11.972183,23.59050610140065,-11.618322873861587
T02,walk + smaller portion,3.5379333,0.9703174677225093,2.5676158818868657
T02,walk + smaller portion,21.621323,29.75228326334252,-8.130960631506582
T02,walk + smaller portion,6.5184326,12.52727716351265,-6.00884454632515
T02,walk + smaller portion,16.18663,17.437018918582055,-1.2503886695586175
T02,walk + smaller portion,15.748138,24.01061456339923,-8.262476135664855
T02,walk + smaller portion,0.9840088,2.6935232475858584,-1.7095144585233584
T02,walk + smaller portion,14.33165,25.27972107173258,-10.948071291459144
T02,walk + smaller portion,6.021179,7.1838830709781405,-1.1627038717593905
T02,walk + smaller portion,8.233887,15.972278383478624,-7.738391664728624
T02,walk + smaller portion,6.2658234,5.424981901301635,0.8408414629561776
T02,walk + smaller portion,14.568298,23.48864468158621,-8.920346341742459
T02,walk + smaller portion,3.0753326,11.85047289491888,-8.775140253317318
T02,walk + smaller portion,22.654816,23.892038642295972,-1.2372229684678473
T02,walk + smaller portion,3.0979614,6.4298420986798135,-3.3318806728985635
T02,walk + smaller portion,11.871445,19.193578225524732,-7.322133523376294
T02,walk + smaller portion,25.655197,23.48864468158621,2.166552461968479
T02,walk + smaller portion,-2.2420502,5.573892666503383,-7.8159428374018205
T02,walk + smaller portion,15.354477,27.05802627534146,-11.703549346630524
T02,walk + smaller portion,21.120026,25.676024605657574,-4.555998970891949
T02,walk + smaller portion,-0.15237427,0.4517377323457481,-0.6041119999238731
T02,walk + smaller portion,17.004257,27.05802627534146,-10.053769073193024
T03,walk 10 min,2.4523773,28.767524471331058,-26.31514715199512
T03,walk 10 min,3.309143,33.0807762406815,-29.77163317427525
T03,walk 10 min,1.1383209,6.679695341236169,-5.541374418384606
T03,walk 10 min,1.9728394,37.02295973979045,-35.0501203843217
T03,walk 10 min,1.8587341,8.693482669907723,-6.8347485390483484
T03,walk 10 min,1.8021698,2.735585358551191,-0.9334155587465034
T03,walk 10 min,2.6154175,19.39315364825572,-16.77773616778697
T03,walk 10 min,2.3743896,17.22739200000001,-14.853002351562509
T03,walk 10 min,2.2460327,27.3153552,-25.06932248515625
T03,walk 10 min,0.5300751,8.882874000000015,-8.352798926757828
T03,walk 10 min,1.7855225,30.85246644982533,-29.06694398888783
T03,walk 10 min,2.2209778,16.989424858370512,-14.768447075167387
T03,walk 10 min,2.4118347,36.96020999999996,-34.548375283203086
T03,walk 10 min,0.5283203,17.45521984644813,-16.92689953394813
T03,walk 10 min,2.0490417,39.73797678737509,-37.688935039328214
T03,walk 10 min,2.4183502,18.182386894430408,-15.764036674703846
T03,walk 10 min,2.422058,26.853986797928002,-24.431928692459252
T03,walk 10 min,0.20487976,2.199145606380995,-1.9942658456388074
T03,walk 10 min,1.6577759,41.1095304737334,-39.45175459482715
T03,walk 10 min,2.3986664,17.386965339815475,-14.988298957979538
T03,walk 10 min,2.3925781,23.51889711339777,-21.12631898839777
T03,walk 10 min,0.6419983,2.5939960051541675,-1.9519977141385425
T03,walk 10 min,1.6886597,37.722282312653135,-36.033622644684385
T03,walk 10 min,2.4295807,14.915625302430158,-12.486044613953595
T03,walk 10 min,2.0317688,33.62654399999997,-31.594775201171842
T03,walk 10 min,0.26860046,9.441935999999998,-9.17333553613281
T03,walk 10 min,2.4038696,19.021573981865657,-16.617704352959407
T03,walk 10 min,2.216156,9.68511276282996,-7.468956756970584
T03,walk 10 min,2.2156982,40.351048969064834,-38.135350726877334
T03,walk 10 min,0.18304443,2.56224951081316,-2.37920507721941
T03,walk 10 min,2.0531921,38.29232198084719,-36.239129842175316
T03,walk 10 min,2.454071,19.31085914948102,-16.856788104559143
T03,walk 10 min,1.860321,3.0235417120828743,-1.1632206671609993
T03,walk 10 min,2.8069763,29.484888775561217,-26.677912457201842
T03,walk 10 min,1.3277893,8.37901884204561,-7.051229535404985
T03,walk 10 min,2.1184082,36.570456898526345,-34.452048695401345
T03,walk 10 min,2.3802338,23.102326877629224,-20.722093112980787
T03,walk 10 min,1.33078,14.243037424071247,-12.912257394774372
T03,walk 10 min,0.6797638,7.972144558195424,-7.292380764250112
T03,walk 10 min,2.539154,19.039107187036308,-16.499953134301933
T03,walk 10 min,2.3845062,16.71686314432685,-14.332356918740913
T03,walk 10 min,2.3979187,28.812090001943602,-26.414171300771727
T03,walk 10 min,0.2979126,9.091193447215204,-8.793280849558954
T03,walk 10 min,2.2102356,18.54128376307318,-16.331048167370056
T03,walk 10 min,2.4526062,15.20489483275071,-12.752288631578836
T03,walk 10 min,2.3018494,37.684920000000005,-35.38307063476563
T03,walk 10 min,0.753067,8.289029319519756,-7.535962302918193
T03,walk 10 min,2.5173187,15.837599444243693,-13.320280718657756
T03,walk 10 min,2.0237427,42.905496676223834,-40.881754000442584
T03,walk 10 min,0.9329376,9.257974325646302,-8.32503670357599
T03,walk 10 min,2.427353,17.16405552776655,-14.736702622493112
T03,30% smaller portion,26.288086,30.822347647854713,-4.534261710354713
T03,30% smaller portion,34.048264,35.39369013719781,-1.3454265873931206
T03,30% smaller portion,5.9691467,7.156816437038742,-1.1876697085231172
T03,30% smaller portion,33.758713,39.667456864061194,-5.908744095506506
T03,30% smaller portion,7.1612854,9.314445717758275,-2.15316031736765
T03,30% smaller portion,0.9044037,2.9309843127334148,-2.0265806262099773
T03,30% smaller portion,20.56108,20.77837890884541,-0.2172979762282239
T03,30% smaller portion,18.672897,18.45792,0.21497733886718606
T03,30% smaller portion,29.813995,29.266452000000015,0.5475433613281098
T03,30% smaller portion,8.245483,9.517365000000012,-1.2718816015625123
T03,30% smaller portion,31.080872,33.05621405338428,-1.9753424713530308
T03,30% smaller portion,17.332321,18.20295520539696,-0.8706340384047735
T03,30% smaller portion,36.840454,39.600224999999966,-2.7597708984374663
T03,30% smaller portion,17.806534,18.673450271445546,-0.8669164579689834
T03,30% smaller portion,35.449127,42.57640370075899,-7.127276503493363
T03,30% smaller portion,20.60875,19.481128815461147,1.12762057418729
T03,30% smaller portion,29.38324,28.772128712065722,0.6111110340280277
T03,30% smaller portion,2.7994537,2.356227435408215,0.4432262999433476
T03,30% smaller portion,41.09384,44.045925507571496,-2.9520839548371214
T03,30% smaller portion,20.04628,18.628891435516607,1.4173884717099554
T03,30% smaller portion,25.63884,25.198818335783358,0.4400213858963298
T03,30% smaller portion,0.76768494,2.779281434093747,-2.0115964975703093
T03,30% smaller portion,36.77185,40.41673104927122,-3.6448804633337204
T03,30% smaller portion,17.961609,15.981027109746606,1.9805817769721443
T03,30% smaller portion,33.851624,36.02843999999999,-2.176816464843739
T03,30% smaller portion,9.712112,10.116360000000014,-0.40424757324220195
T03,30% smaller portion,19.901093,20.380257837713202,-0.4791653084163272
T03,30% smaller portion,11.4483185,10.369764328408792,1.0785541530365208
T03,30% smaller portion,39.901398,43.23326675256942,-3.3318690474912955
T03,30% smaller portion,2.9358368,2.745267333014084,0.1905694589781035
T03,30% smaller portion,36.023285,41.027487836622015,-5.00420292451264
T03,30% smaller portion,18.92015,20.690206231586814,-1.770055474750876
T03,30% smaller portion,1.6640167,3.239508977231651,-1.5754922535988385
T03,30% smaller portion,28.803497,31.59095225952987,-2.787454945076746
T03,30% smaller portion,8.757141,8.97752018790601,-0.22037907462475914
T03,30% smaller portion,37.68332,39.18263239127822,-1.4993132994813436
T03,30% smaller portion,21.856445,24.752493083174187,-2.896047770674187
T03,30% smaller portion,11.786926,15.260397240076315,-3.4734709705450655
T03,30% smaller portion,7.1556854,8.541583455209377,-1.3858980304046895
T03,30% smaller portion,21.244019,20.399043414681756,0.8449751400057437
T03,30% smaller portion,18.731705,17.910924797493067,0.8207799144209957
T03,30% smaller portion,35.019745,30.870096430653803,4.149648442393072
T03,30% smaller portion,6.963745,9.740564407730574,-2.7768192905430737
T03,30% smaller portion,23.92987,19.83709018211522,4.092780423353531
T03,30% smaller portion,16.644058,16.29095874937576,0.35309947816330123
T03,30% smaller portion,35.51126,40.3767,-4.865439013671875
T03,30% smaller portion,6.6608887,8.881102842342585,-2.2202141704675853
T03,30% smaller portion,16.735962,16.96885654740396,-0.2328946333414592
T03,30% smaller portion,44.37799,45.970175010239814,-1.5921842875835637
T03,30% smaller portion,7.128433,9.91925820604962,-2.7908249785105568
T03,30% smaller portion,18.044418,18.390059494035597,-0.34564115907465975
T03,low-GI swap (GI 50),29.68843,36.88144162991159,-7.193010843778779
T03,low-GI swap (GI 50),28.381165,33.741608782543295,-5.360444231762045
T03,low-GI swap (GI 50),5.1948853,5.505243413106712,-0.3103581592004616
T03,low-GI swap (GI 50),34.485886,44.0749520711791,-9.58906645106191
T03,low-GI swap (GI 50),2.5467072,2.8225593084115985,-0.275852155091286
T03,low-GI swap (GI 50),5.5193176,6.296478457225874,-0.7771608302727486
T03,low-GI swap (GI 50),13.574036,14.198399999999992,-0.6243643554687424
T03,low-GI swap (GI 50),23.5316,25.82334,-2.2917390478515642
T03,low-GI swap (GI 50),6.6362,7.321049999999985,-0.6848500488281104
T03,low-GI swap (GI 50),31.935852,36.72912672598255,-4.793274675201303
T03,low-GI swap (GI 50),16.355743,17.336147814663775,-0.9804044064606501
T03,low-GI swap (GI 50),37.282776,44.000249999999994,-6.717474121093744
T03,low-GI swap (GI 50),22.583084,23.24181436518583,-0.658730258740519
T03,low-GI swap (GI 50),30.686554,40.548955905484775,-9.86240195040665
T03,low-GI swap (GI 50),14.800644,14.985483704200874,-0.18483978330243644
T03,low-GI swap (GI 50),23.690063,25.38717239299916,-1.6971089164366617
T03,low-GI swap (GI 50),36.071045,41.9485004834014,-5.8774555615264035
T03,low-GI swap (GI 50),14.503021,14.329916488858885,0.1731047513754902
T03,low-GI swap (GI 50),20.84851,22.234251472749975,-1.3857407305624747
T03,low-GI swap (GI 50),31.913025,38.492124808829715,-6.579099906485965
T03,low-GI swap (GI 50),13.451141,12.29309777672816,1.1580435806937146
T03,low-GI swap (GI 50),28.710266,34.31279999999998,-5.6025338867187315
T03,low-GI swap (GI 50),5.45903,5.620199999999983,-0.16116984863279527
T03,low-GI swap (GI 50),16.431946,17.982580445041066,-1.5506346442598158
T03,low-GI swap (GI 50),3.5366974,3.161616446191289,0.3750809415040237
T03,low-GI swap (GI 50),34.18457,41.174539764351834,-6.9899694518518345
T03,low-GI swap (GI 50),36.724396,45.5860975962467,-8.861701844293577
T03,low-GI swap (GI 50),17.25412,19.704958315796972,-2.450838442750097
T03,low-GI swap (GI 50),29.436203,35.101058066144276,-5.664855063214588
T03,low-GI swap (GI 50),3.0221863,2.7204606630018304,0.3017256162950446
T03,low-GI swap (GI 50),32.33316,37.31679275359829,-4.983632353207668
T03,low-GI swap (GI 50),25.585205,29.618367791832355,-4.033162713707355
T03,low-GI swap (GI 50),6.0407867,6.570448811699521,-0.5296620685354583
T03,low-GI swap (GI 50),17.689362,17.99915595413097,-0.3097943818653448
T03,low-GI swap (GI 50),17.740295,17.05802361666005,0.6822717934961986
T03,low-GI swap (GI 50),28.099823,27.238320379988693,0.8615026180581822
T03,low-GI swap (GI 50),5.4527893,7.492741852100437,-2.039952545459812
T03,low-GI swap (GI 50),6.6349945,6.06389999999999,0.5710945068359479
T03,low-GI swap (GI 50),16.056961,15.515198808929313,0.5417622506409998
T03,low-GI swap (GI 50),30.08931,38.45400000000001,-8.364690307617195
T03,low-GI swap (GI 50),5.669998,6.831617571032751,-1.1616194020874389
T03,low-GI swap (GI 50),16.158142,16.160815759432325,-0.002673669588574512
T03,low-GI swap (GI 50),38.492523,43.78111905737126,-5.2885958640118815
T03,low-GI swap (GI 50),5.850464,7.630198620038158,-1.7797347528506577
T03,low-GI swap (GI 50),4.693054,5.572745301222909,-0.8796911020041591
T03,walk + smaller portion,28.725739,50.95961477778644,-22.233876252395817
T03,walk + smaller portion,36.676117,58.06024632305767,-21.384129379698294
T03,walk + smaller portion,6.948044,11.83260317590404,-4.884559352661853
T03,walk + smaller portion,36.07065,65.58352868191452,-29.51288048855514
T03,walk + smaller portion,7.9816895,15.173301412871467,-7.191611959746467
T03,walk + smaller portion,2.5709686,4.845894063719243,-2.274925435789555
T03,walk + smaller portion,22.53299,34.2355676831566,-11.702578181203478
T03,walk + smaller portion,21.010117,30.51709439999999,-9.506977822851553
T03,walk + smaller portion,31.577148,48.38720064,-16.810052202500003
T03,walk + smaller portion,8.681305,15.735376800000012,-7.054071868359387
T03,walk + smaller portion,33.369125,54.65294056826207,-21.28381520205113
T03,walk + smaller portion,19.35817,30.09555260625632,-10.737383050592257
T03,walk + smaller portion,39.166687,65.47237199999995,-26.3056849882812
T03,walk + smaller portion,18.262848,30.612108436420186,-12.349260536029561
T03,walk + smaller portion,38.01941,70.39298745192156,-32.373578272234056
T03,walk + smaller portion,23.056213,32.20879964156245,-9.1525862626562
T03,walk + smaller portion,31.11438,47.56991947061533,-16.455539587802832
T03,walk + smaller portion,2.9761963,3.8956293598749028,-0.9194330708124028
T03,walk + smaller portion,43.579712,72.82259683918488,-29.242884925122382
T03,walk + smaller portion,22.41713,30.79976717338741,-8.382637656785846
T03,walk + smaller portion,26.956635,41.40891466440718,-14.452280142922802
T03,walk + smaller portion,1.4843445,4.5950786377016755,-3.1107341552798005
T03,walk + smaller portion,39.085327,66.82232866812842,-27.73700151969092
T03,walk + smaller portion,20.286728,26.421964821447716,-6.135236916174279
T03,walk + smaller portion,36.076675,59.4709047815405,-23.394229366501435
T03,walk + smaller portion,9.955948,16.725715199999996,-6.769767324023434
T03,walk + smaller portion,22.312607,33.695359625019194,-11.382752813495756
T03,walk + smaller portion,13.179794,17.07934967108116,-3.8995553595577235
T03,walk + smaller portion,42.212128,71.05842418343832,-28.846296497891444
T03,walk + smaller portion,3.11232,4.5388419905833075,-1.426522044294245
T03,walk + smaller portion,38.58893,67.83211322321506,-29.24318500055881
T03,walk + smaller portion,21.354279,34.20780763622352,-12.853529071770396
T03,walk + smaller portion,3.1857452,5.355988175689674,-2.170242936431862
T03,walk + smaller portion,31.33281,52.23037440242271,-20.897564954180524
T03,walk + smaller portion,9.586197,14.84283337733794,-5.256636477923877
T03,walk + smaller portion,39.854218,64.78195222024667,-24.92773469094979
T03,walk + smaller portion,24.3452,40.92412189751465,-16.578922312553715
T03,walk + smaller portion,12.633179,25.230523436926205,-12.597344725988705
T03,walk + smaller portion,7.8427734,14.122084645946188,-6.279311208446188
T03,walk + smaller portion,23.591446,33.72641844560715,-10.13497252275559
T03,walk + smaller portion,21.0372,29.612728998521874,-8.575528070787499
T03,walk + smaller portion,37.30304,51.038559432014324,-13.735519881233074
T03,walk + smaller portion,7.2369995,16.104399820781225,-8.867400309062475
T03,walk + smaller portion,25.534348,32.535993088727395,-7.001645554547707
T03,walk + smaller portion,18.891815,26.93438513230126,-8.042569946754384
T03,walk + smaller portion,37.89801,66.756144,-28.858133746093756
T03,walk + smaller portion,7.38501,14.683423366006394,-7.298413600381394
T03,walk + smaller portion,19.206177,28.055176158374536,-8.848999400562036
T03,walk + smaller portion,46.798767,76.00402268359642,-29.205255593752668
T03,walk + smaller portion,7.855774,16.399840234002028,-8.544066308220778
T03,walk + smaller portion,19.883728,30.40489836347217,-10.52117033612842
T04,walk 10 min,0.8277283,6.2201814658172765,-5.3924531943329015
T04,walk 10 min,0.15516663,2.4412932683555084,-2.286126642378946
T04,walk 10 min,0.45141602,5.2307639999999935,-4.7793479843749935
T04,walk 10 min,0.57689667,5.031029126763968,-4.4541324592835
T04,walk 10 min,0.44345093,4.30374175672506,-3.860290828990685
T04,walk 10 min,0.41120148,3.92745538562275,-3.5162539085719686
T04,walk 10 min,0.11734009,0.25829417191449977,-0.14095408402387477
T04,walk 10 min,0.7886429,5.28175465987826,-4.493111776577479
T04,walk 10 min,0.45502472,5.715594043978442,-5.26056932474016
T04,walk 10 min,0.21411896,2.2268489577479897,-2.0127300002284585
T04,walk 10 min,0.8109665,5.562876000000003,-4.751909508300784
T04,walk 10 min,0.9229126,10.227547720598807,-9.304635122942557
T04,walk 10 min,0.70695496,4.0525482979889205,-3.345593341934233
T04,walk 10 min,0.49388123,5.683437270973613,-5.1895560453876755
T04,walk 10 min,0.5481796,5.16598966965779,-4.6178100431929465
T04,walk 10 min,0.5519867,4.8986519999999985,-4.346665305664061
T04,walk 10 min,0.5188675,5.618177378426566,-5.099309885750785
T04,walk 10 min,0.4134903,4.308289156216617,-3.8947988608064605
T04,walk 10 min,0.7222061,3.9738382074290683,-3.251632091706412
T04,walk 10 min,0.48146057,3.8450554158533805,-3.363594844564318
T04,walk 10 min,0.53347015,3.8424791248686034,-3.3090089710600097
T04,walk 10 min,0.06781006,2.7859986622419655,-2.7181886036482155
T04,walk 10 min,0.27122498,0.6062006075544559,-0.33497563196851843
T04,walk 10 min,0.4849472,4.596897792699238,-4.111950588109394
T04,walk 10 min,0.7880249,7.997475498190212,-7.209450595846462
T04,walk 10 min,0.7532654,4.402057273380208,-3.6487918925208334
T04,walk 10 min,0.4280548,5.983250734959228,-5.555195925388915
T04,walk 10 min,0.54850006,4.789496215108642,-4.2409961540734855
T04,walk 10 min,0.46961212,4.588658458389787,-4.119046336807756
T04,walk 10 min,0.7909317,4.907384385875474,-4.116452684215318
T04,walk 10 min,0.4154663,3.2815538757753586,-2.8660875671816086
T04,walk 10 min,0.75914764,4.6829446998983,-3.9237970558553315
T04,walk 10 min,0.31788635,0.4216938557153185,-0.10380750317625598
T04,walk 10 min,0.4499359,4.956723603885749,-4.506787690799811
T04,30% smaller portion,3.3880615,2.9550465951748066,0.4330149282626934
T04,30% smaller portion,-0.54795074,0.46860799647373597,-1.0165587411026422
T04,30% smaller portion,4.974617,2.9354376772451616,2.0391793271493697
T04,30% smaller portion,5.1013184,3.0154405878959523,2.0858777714790477
T04,30% smaller portion,3.23674,2.579527417961657,0.6572126943430305
T04,30% smaller portion,2.6602554,1.2514786196298076,1.4087768124990987
T04,30% smaller portion,2.0247498,-0.34765135080600373,2.3724011066653787
T04,30% smaller portion,3.0004501,2.5104711187103845,0.4899790155669592
T04,30% smaller portion,4.494179,2.9716379893625913,1.522540782610065
T04,30% smaller portion,1.2863235,1.3347032110359152,-0.04837966367263391
T04,30% smaller portion,4.300972,3.1218146726258027,1.1791573122374785
T04,30% smaller portion,7.003891,6.491350844296932,0.5125401469140058
T04,30% smaller portion,-1.2289352,2.106991221449306,-3.3359264631485246
T04,30% smaller portion,3.4277344,2.9320494595217923,0.4956849154782077
T04,30% smaller portion,4.332184,3.096331691595111,1.2358521462955139
T04,30% smaller portion,1.1023865,2.7490606818645205,-1.6466742072551455
T04,30% smaller portion,4.3672333,3.7494240155375707,0.6178092608296168
T04,30% smaller portion,1.7214127,2.1739122856644855,-0.4524996269730792
T04,30% smaller portion,0.29254913,2.3817936089193097,-2.0892444756185284
T04,30% smaller portion,2.7554169,0.46454578101339905,2.2908710891037884
T04,30% smaller portion,2.3158035,-0.7144785306927588,3.03028205852479
T04,30% smaller portion,0.36270142,1.7682532765826693,-1.4055518605670443
T04,30% smaller portion,-0.89398956,-0.8159164355651001,-0.07807312742318118
T04,30% smaller portion,4.0575867,2.9176179063614143,1.1399687635604607
T04,30% smaller portion,4.986496,5.337305086117738,-0.3508091144380501
T04,30% smaller portion,0.20773315,0.06748912919051975,0.14024402510635525
T04,30% smaller portion,4.656204,3.586172263995479,1.0700319596373333
T04,30% smaller portion,2.0122375,3.196383973245773,-1.1841464244176478
T04,30% smaller portion,5.727791,2.750297525770975,2.9774933067485563
T04,30% smaller portion,1.548233,1.8401672464103598,-0.2919342141837973
T04,30% smaller portion,7.9361343,-0.6632751394867142,8.59940947786562
T04,30% smaller portion,2.582924,2.434745411452539,0.14817847770761716
T04,30% smaller portion,-0.17751312,-0.29502644059923,0.11751331804063625
T04,30% smaller portion,1.2436447,2.355980588328194,-1.1123358739727252
T04,low-GI swap (GI 50),3.4069214,2.6544530576105814,0.7524683291081686
T04,low-GI swap (GI 50),-0.7703171,0.2603377758187406,-1.0306548534554594
T04,low-GI swap (GI 50),1.5053558,0.8895265688621663,0.6158292660987712
T04,low-GI swap (GI 50),1.7247849,0.9137698751199821,0.8110149759542367
T04,low-GI swap (GI 50),3.172104,2.456692779011121,0.7154111028248167
T04,low-GI swap (GI 50),0.87718964,0.3792359453423728,0.49795369088809593
T04,low-GI swap (GI 50),1.356514,0.7607488238516282,0.595765153199153
T04,low-GI swap (GI 50),4.011017,2.622033520025809,1.3889833256773159
T04,low-GI swap (GI 50),0.28731537,0.40445551849573746,-0.11714014984339371
T04,low-GI swap (GI 50),1.8291931,0.9460044462502424,0.8831886689841326
T04,low-GI swap (GI 50),7.364258,7.212612049218805,0.15164576328119495
T04,low-GI swap (GI 50),3.0216293,2.692984996740279,0.32864433675581495
T04,low-GI swap (GI 50),3.411171,2.3817936089193097,1.0293773505533466
T04,low-GI swap (GI 50),0.46875763,0.8330486914740902,-0.36429106207955897
T04,low-GI swap (GI 50),5.2949753,4.68678001942196,0.608195261339759
T04,low-GI swap (GI 50),1.3412323,2.022277592478659,-0.6810452926739714
T04,low-GI swap (GI 50),2.0232697,0.5806822262667453,1.4425874270535672
T04,low-GI swap (GI 50),0.663887,0.9460044462502424,-0.28211742232446113
T04,low-GI swap (GI 50),1.2701492,0.8841266382913346,0.3860225926656966
T04,low-GI swap (GI 50),5.7720413,6.386518906465653,-0.6144775856648721
T04,low-GI swap (GI 50),0.25559235,0.7490449957923744,-0.49345264960096813
T04,low-GI swap (GI 50),4.445099,3.4154021561861896,1.0296967207669354
T04,low-GI swap (GI 50),0.8522186,0.9686012040138792,-0.11638257608419167
T04,low-GI swap (GI 50),5.050537,2.4267331109743964,2.6238039984006036
T04,low-GI swap (GI 50),1.2878418,1.4155132664695032,-0.12767146959450315
T04,low-GI swap (GI 50),2.5504227,0.8996376319455806,1.6507850365114507
T04,low-GI swap (GI 50),2.082222,1.872881085732729,0.20934089913055232
T04,low-GI swap (GI 50),0.33554077,0.7139335116145986,-0.3783927401302236
T04,walk + smaller portion,4.1541595,7.142717881950205,-2.988558336051767
T04,walk + smaller portion,-0.238945,2.1775132843226004,-2.416458291646819
T04,walk + smaller portion,5.5506516,6.59697247724516,-1.0463209269521911
T04,walk + smaller portion,5.801857,6.53716097663073,-0.7353039820018239
T04,walk + smaller portion,3.4641342,5.59214664766921,-2.1280124313606166
T04,walk + smaller portion,3.0438385,4.000697389565744,-0.9568588885891813
T04,walk + smaller portion,1.8723526,-0.1668454304658411,2.0391980305634974
T04,walk + smaller portion,3.7228622,6.207699380625172,-2.4848371369728284
T04,walk + smaller portion,5.062332,4.403369602907603,0.6589625504127099
T04,walk + smaller portion,1.4779205,2.893497481459505,-1.4155769492329426
T04,walk + smaller portion,5.0404663,7.015827872625806,-1.975361564032056
T04,walk + smaller portion,7.859436,13.650634248716088,-5.791198213559838
T04,walk + smaller portion,-0.66415405,4.94377503004155,-5.607929082775925
T04,walk + smaller portion,3.8644104,6.725415646347244,-2.861005245956619
T04,walk + smaller portion,4.5364532,6.712524460355553,-2.1760712132852404
T04,walk + smaller portion,1.7709885,6.178117081864514,-4.407128617509045
T04,walk + smaller portion,4.583473,7.682148180436158,-3.098674974869752
T04,walk + smaller portion,2.0844955,3.524375052032667,-1.4398795075990733
T04,walk + smaller portion,0.80028534,5.163480354119656,-4.363195014764187
T04,walk + smaller portion,3.0907364,3.156084572110771,-0.06534818295061484
T04,walk + smaller portion,2.9130402,0.6452557886000392,2.2677843725327733
T04,walk + smaller portion,0.42752075,3.718452340152055,-3.29093158819893
T04,walk + smaller portion,-0.54849243,-0.3915760102769923,-0.1569164213636327
T04,walk + smaller portion,4.5393066,6.135446361250885,-1.5961397206258852
T04,walk + smaller portion,5.80114,10.935537934850885,-5.134398103307916
T04,walk + smaller portion,0.92181396,1.4689281524414213,-0.5471141875976713
T04,walk + smaller portion,4.8522797,7.774447778466964,-2.9221681153810266
T04,walk + smaller portion,2.6995087,6.549031323821822,-3.8495226568296346
T04,walk + smaller portion,6.302841,5.962358446643833,0.3404827398796044
T04,walk + smaller portion,1.8814163,5.275336316523195,-3.3939199957224133
T04,walk + smaller portion,8.413994,0.5138083010951107,7.900185534354108
T04,walk + smaller portion,2.8872833,5.7128067013813535,-2.825523376186041
T04,walk + smaller portion,-0.060646057,0.00015925840148156567,-0.060805315530387816
T04,walk + smaller portion,1.7116089,5.825687111048225,-4.114078224329475
T05,walk 10 min,0.808197,5.035536000000008,-4.227338978515633
T05,walk 10 min,1.4697571,6.548682706598697,-5.078925626520572
T05,walk 10 min,1.560852,18.632185669192182,-17.071333618410932
T05,walk 10 min,0.8617859,3.2755952786272644,-2.4138093899553894
T05,walk 10 min,0.9146271,6.8005315852165324,-5.88590451002122
T05,walk 10 min,1.994751,7.402596470797533,-5.407845494235033
T05,walk 10 min,1.4572906,7.405200000000008,-5.947909350585945
T05,walk 10 min,0.039886475,0.5265610917793708,-0.4866746171699958
T05,walk 10 min,1.3731995,17.788042725554504,-16.41484326266388
T05,walk 10 min,0.49061584,8.353360816034808,-7.862744971308246
T05,walk 10 min,0.9060364,3.820361515963924,-2.914325139010799
T05,walk 10 min,1.9850464,12.817727999999988,-10.832681613281238
T05,walk 10 min,1.4170074,16.117702600169764,-14.700695153880702
T05,walk 10 min,1.259018,4.550832000000014,-3.2918140556640765
T05,walk 10 min,1.546524,6.22138328158934,-4.674859233737777
T05,walk 10 min,0.64559937,5.335801705323718,-4.690202340089343
T05,walk 10 min,2.0701904,12.25224,-10.1820495703125
T05,walk 10 min,0.072753906,1.3153367983951512,-1.2425828921451512
T05,walk 10 min,2.1777496,21.34565127066537,-19.16790163687631
T05,walk 10 min,2.6680298,17.828353741165046,-15.160323956008796
T05,walk 10 min,1.3913574,14.492649599999993,-13.101292178124993
T05,walk 10 min,0.94866943,7.095001975157771,-6.146332541564021
T05,walk 10 min,0.37997437,2.5848649019614243,-2.2048905367270493
T05,walk 10 min,1.2224884,19.660468275612857,-18.437979872292544
T05,walk 10 min,0.91560364,5.0066617711490835,-4.091058133453771
T05,walk 10 min,2.1408844,18.456766136289616,-16.315881736875554
T05,walk 10 min,0.98236084,5.354718471817193,-4.372357631973443
T05,walk 10 min,1.4582062,6.169214070033547,-4.711007893275735
T05,walk 10 min,0.5264435,4.350708758351459,-3.8242652769061465
T05,walk 10 min,2.0501404,11.23659688324912,-9.186456502389746
T05,30% smaller portion,5.7790527,5.395217142857149,0.38383559151785107
T05,30% smaller portion,6.8328857,6.995016967658756,-0.16213122547125636
T05,30% smaller portion,20.199203,19.96305607413447,0.23614741707646658
T05,30% smaller portion,2.9453583,3.438137798529226,-0.4927795221620386
T05,30% smaller portion,7.8927765,7.28628384130343,0.6064926479543828
T05,30% smaller portion,6.7201996,7.902782368962761,-1.1825827840018235
T05,30% smaller portion,8.206284,7.934142857142859,0.2721407121930781
T05,30% smaller portion,1.3991852,0.5641725983350341,0.8350125823290284
T05,30% smaller portion,20.70102,19.058617205951236,1.6424020811581386
T05,30% smaller portion,7.9312286,8.950029445751596,-1.0188008080562838
T05,30% smaller portion,4.4599915,4.093244481389945,0.3667469736881799
T05,30% smaller portion,16.028427,13.733280000000008,2.29514712402343
T05,30% smaller portion,17.332245,17.26896707161046,0.06327780143641348
T05,30% smaller portion,3.9801788,4.875891428571435,-0.8957125955636229
T05,30% smaller portion,8.023819,6.665767801702856,1.3580511680237066
T05,30% smaller portion,4.213806,5.716930398561146,-1.5031242462173964
T05,30% smaller portion,13.35672,13.02188390398959,0.3348360667135353
T05,30% smaller portion,0.82629395,1.4092894268519274,-0.5829954815394274
T05,30% smaller portion,23.932251,22.87034064714149,1.0619103294210106
T05,30% smaller portion,18.307053,19.101807579819678,-0.7947549675149901
T05,30% smaller portion,15.690552,15.527838857142854,0.1627129006696464
T05,30% smaller portion,6.2241974,7.6017878305261775,-1.377590442830865
T05,30% smaller portion,3.7565765,2.68378404151278,1.0727924965731575
T05,30% smaller portion,20.976944,21.064787438156657,-0.08784346843009416
T05,30% smaller portion,5.342102,5.3642804690883,-0.022178418307049697
T05,30% smaller portion,22.741974,19.775106574596037,2.9668673023570875
T05,30% smaller portion,5.8180237,5.737198362661275,0.08082531897935041
T05,30% smaller portion,7.4889374,6.60987221789307,0.8790651600366175
T05,30% smaller portion,3.8394165,4.661473669662286,-0.8220571657560356
T05,30% smaller portion,13.186737,12.024925450035312,1.1618116105115632
T05,low-GI swap (GI 50),1.8719635,1.6349142857142738,0.23704921526228873
T05,low-GI swap (GI 50),17.019318,19.01243435631855,-1.9931167293654255
T05,low-GI swap (GI 50),5.447464,6.16180857034513,-0.7143445810873175
T05,low-GI swap (GI 50),18.576584,18.15106400566785,0.4255198566368392
T05,low-GI swap (GI 50),6.1336365,6.884638035193518,-0.7510015605841431
T05,low-GI swap (GI 50),1.5362701,1.2403771155726986,0.2958930260288639
T05,low-GI swap (GI 50),13.328476,12.117599999999982,1.2108759521484558
T05,low-GI swap (GI 50),15.472031,16.44663530629566,-0.9746046666472239
T05,low-GI swap (GI 50),3.776413,3.7506857142857086,0.025727249581478873
T05,low-GI swap (GI 50),2.5189667,3.1760724436450687,-0.6571057688403812
T05,low-GI swap (GI 50),12.146561,12.502285714285705,-0.3557250453403924
T05,low-GI swap (GI 50),20.252884,21.7812768068014,-1.5283928956685884
T05,low-GI swap (GI 50),15.266235,18.19219769506637,-2.925962343503869
T05,low-GI swap (GI 50),18.299194,18.58032,-0.2811256640625004
T05,low-GI swap (GI 50),3.1122131,2.341371635373406,0.770841499392219
T05,low-GI swap (GI 50),18.696259,20.061702322053947,-1.3654437771320715
T05,low-GI swap (GI 50),1.7593842,1.6255395360873592,0.13384461918607826
T05,low-GI swap (GI 50),23.677536,21.972340638440016,1.705195372302171
T05,low-GI swap (GI 50),2.1936035,2.002991581179714,0.19061193444528612
T05,low-GI swap (GI 50),3.2480469,3.5857489766632966,-0.3377021016632966
T05,low-GI swap (GI 50),15.897781,14.273194269716129,1.6245871023541838
T05,walk + smaller portion,6.6083984,8.920092342857146,-2.3116939053571457
T05,walk + smaller portion,7.8883514,11.369092726047398,-3.480741285617711
T05,walk + smaller portion,21.76947,33.00558604256901,-11.236115827725257
T05,walk + smaller portion,3.7879028,5.03105449356832,-1.2431516615370697
T05,walk + smaller portion,8.628937,12.046655950954971,-3.417719183376846
T05,walk + smaller portion,8.278656,12.804604170981975,-4.5259481651226
T05,walk + smaller portion,9.249634,13.117782857142856,-3.8681490680803563
T05,walk + smaller portion,1.456955,0.9327653625806249,0.5241895934740626
T05,walk + smaller portion,22.127274,31.510247113839398,-9.382973554269086
T05,walk + smaller portion,8.393204,14.797382016975945,-6.404178281624382
T05,walk + smaller portion,5.381592,6.7674975425646835,-1.3859057456896835
T05,walk + smaller portion,17.77594,22.7056896,-4.9297496585937495
T05,walk + smaller portion,18.59906,28.55135889172925,-9.952298833135501
T05,walk + smaller portion,5.240738,8.061473828571422,-2.82073591353236
T05,walk + smaller portion,8.813095,11.020736098815405,-2.2076410060419676
T05,walk + smaller portion,4.6930237,9.451991592287754,-4.758967910647129
T05,walk + smaller portion,15.387939,20.026856029856532,-4.638916576731532
T05,walk + smaller portion,0.89549255,2.330025185728516,-1.4345326320175786
T05,walk + smaller portion,25.85495,37.81229653660725,-11.957346585435374
T05,walk + smaller portion,20.878159,31.581655198635218,-10.70349662929928
T05,walk + smaller portion,16.6167,25.672693577142866,-9.055994358392866
T05,walk + smaller portion,7.0138397,12.568289213136637,-5.55444949145695
T05,walk + smaller portion,4.036072,3.6531916091162486,0.38288016822750137
T05,walk + smaller portion,22.093857,34.82711523108563,-12.73325841956219
T05,walk + smaller portion,6.145813,8.86894370889263,-2.7231307206113797
T05,walk + smaller portion,24.675674,32.69484286999875,-8.01916843152219
T05,walk + smaller portion,6.7284546,9.485501292933293,-2.757046703089543
T05,walk + smaller portion,8.900635,10.928322066916536,-2.027687301291536
T05,walk + smaller portion,4.296936,7.68614039482199,-3.38920435966574
T05,walk + smaller portion,14.834076,19.110731238300104,-4.2766553105657295
T06,walk 10 min,0.54906464,5.2330203247304325,-4.683955688499964
T06,walk 10 min,0.2876892,0.8362149156382657,-0.5485257066538907
T06,walk 10 min,0.36302185,5.206013005197946,-4.842991154612008
T06,walk 10 min,0.6363754,4.291469644671565,-3.6550942174254715
T06,walk 10 min,0.30458832,4.8969248771420695,-4.592336559270976
T06,walk 10 min,0.37999725,3.4210800000000035,-3.0410827465820347
T06,walk 10 min,0.5336151,5.0283301250826185,-4.494715012777931
T06,walk 10 min,-0.14129639,0.40359252963531844,-0.5448889163540684
T06,walk 10 min,1.3685684,12.340250690398022,-10.971682269987866
T06,30% smaller portion,-2.620781,0.2853198429010888,-2.9061007877253076
T06,30% smaller portion,-0.21969604,-2.8313119501914485,2.6116159052695735
T06,30% smaller portion,1.8788834,1.385588902631767,0.4932944591846393
T06,30% smaller portion,-5.1011353,-2.9240413334396465,-2.1770939204666035
T06,30% smaller portion,0.77983856,1.5984077748734933,-0.8185692128617745
T06,30% smaller portion,0.11593628,0.2854640014013228,-0.16952772210444778
T06,30% smaller portion,-0.8339386,-0.586450075834648,-0.24748852279816447
T06,30% smaller portion,-0.06387329,-0.8855346431368218,0.8216613521211968
T06,30% smaller portion,8.519402,4.027987592681214,4.491413957611755
T06,low-GI swap (GI 50),-1.4573364,-2.177932269378033,0.720595843596783
T06,low-GI swap (GI 50),1.4101562,1.0658376174090591,0.34431863259094087
T06,low-GI swap (GI 50),7.2531357,3.8361786596963867,3.416957021455957
T06,walk + smaller portion,-2.0900269,3.948434070212386,-6.038460925681136
T06,walk + smaller portion,0.02003479,-2.2459615092446654,2.265996299283728
T06,walk + smaller portion,2.2516327,5.02979800627034,-2.7781653158406527
T06,walk + smaller portion,-4.6633606,0.07998741783045205,-4.743348013533577
T06,walk + smaller portion,-0.21648407,3.3353487886720785,-3.5518328584962973
T06,walk + smaller portion,0.49036407,2.666488249153673,-2.1761241744466417
T06,walk + smaller portion,-0.3354721,2.933381011723185,-3.2688531186567786
T06,walk + smaller portion,-0.20098114,-0.6030198723920819,0.40203873225536313
T06,walk + smaller portion,8.776306,12.666163075959815,-3.8898569236160654
T07,walk 10 min,1.9389191,14.51651934536602,-12.577600277983208
T07,walk 10 min,0.4050827,2.3121558168765546,-1.9070731142398358
T07,walk 10 min,1.947525,14.384049562702614,-12.436524538288552
T07,walk 10 min,1.2915955,4.500708094502372,-3.2091126355179966
T07,walk 10 min,1.1546478,6.6799800000000005,-5.525332172851563
T07,walk 10 min,0.64424896,2.422838994446451,-1.7785900320441073
T07,walk 10 min,0.36717987,3.1286225276112987,-2.76144265700583
T07,walk 10 min,1.997818,15.623651896003537,-13.625833902839474
T07,walk 10 min,0.4286499,4.121984755541362,-3.6933348531976122
T07,walk 10 min,2.0418854,10.146117751227763,-8.1042323752512
T07,walk 10 min,0.7572403,0.9709689135504931,-0.21372861814033683
T07,walk 10 min,0.8948822,5.557507958363246,-4.662625756214808
T07,walk 10 min,0.7460022,3.3709064270559423,-2.6249042297903173
T07,walk 10 min,1.0619507,6.653404699959424,-5.591454016365674
T07,walk 10 min,1.5309296,4.254952005720114,-2.724022440290426
T07,walk 10 min,1.9676361,14.805284149818647,-12.83764804142021
T07,walk 10 min,1.151474,4.50283144220991,-3.3513574431864726
T07,walk 10 min,1.3930206,14.12164410756236,-12.728623477679548
T07,walk 10 min,0.8982849,6.5732675327590755,-5.6749826206497005
T07,walk 10 min,1.9375,15.624359999999996,-13.686859999999996
T07,walk 10 min,0.48447418,3.3709064270559423,-2.886432244927036
T07,walk 10 min,1.9737091,16.217758571073716,-14.244049464628404
T07,walk 10 min,0.33421326,2.6288221859912255,-2.294608929155288
T07,walk 10 min,1.4320526,7.926899351621074,-6.494846739316387
T07,walk 10 min,0.36956024,3.2380919999999946,-2.868531758300776
T07,walk 10 min,0.28877258,1.3086862137110273,-1.0199136307032148
T07,walk 10 min,1.4036102,7.614996691753035,-6.2113864622608475
T07,walk 10 min,1.2975006,7.291251762104309,-5.993751151752747
T07,walk 10 min,1.149704,6.901090751901194,-5.751386772409006
T07,walk 10 min,0.5181427,3.7171087414649406,-3.198966041269628
T07,walk 10 min,0.982193,8.718451070940603,-7.73625807777654
T07,walk 10 min,1.3506622,8.717939999999999,-7.367277768554686
T07,walk 10 min,1.1521301,7.051688366201972,-5.899558239248847
T07,walk 10 min,0.8907471,6.5732675327590755,-5.6825204624465755
T07,walk 10 min,1.3430328,6.97938873542536,-5.636355898511297
T07,walk 10 min,2.0338593,11.303884799999992,-9.270025547070304
T07,walk 10 min,1.3244171,9.57210487742924,-8.247687763171427
T07,walk 10 min,0.95285034,7.885369782432377,-6.932519440635502
T07,walk 10 min,1.954773,13.327353610764476,-11.372580661545726
T07,walk 10 min,0.93891144,3.022712483277246,-2.083801045288965
T07,walk 10 min,1.9380798,14.472529892804317,-12.534450058819942
T07,walk 10 min,1.1916656,6.703765529845498,-5.512099880431435
T07,walk 10 min,0.9850311,4.183776829708336,-3.1987457017786483
T07,walk 10 min,1.9186249,14.328310970560267,-12.40968609263058
T07,walk 10 min,2.0719147,14.926496028528135,-12.854581355676572
T07,walk 10 min,0.024528503,1.1809047503209058,-1.156376246902937
T07,walk 10 min,1.9319458,16.863103751076096,-14.931157950294846
T07,30% smaller portion,15.766663,15.553413584320765,0.21324901333548496
T07,30% smaller portion,0.39341736,2.4701670556447937,-2.076749697246356
T07,30% smaller portion,17.49852,15.361481892306927,2.137038005154011
T07,30% smaller portion,4.8038864,4.822187244109671,-0.01830083053545195
T07,30% smaller portion,4.321327,7.157121428571429,-2.835794219098773
T07,30% smaller portion,1.6333618,2.5958989226212026,-0.9625371062149526
T07,30% smaller portion,2.4009094,3.352095565297816,-0.9511861414696909
T07,30% smaller portion,17.644745,16.73962703143235,0.9051178416145262
T07,30% smaller portion,2.4042664,4.416412238080028,-2.012145880658153
T07,30% smaller portion,11.499664,10.87084044774403,0.6288238588965953
T07,30% smaller portion,0.0025787354,1.0403238359469498,-1.0377451005953873
T07,30% smaller portion,4.3641205,5.954472812532046,-1.5903523291336086
T07,30% smaller portion,2.6263733,3.611685457559929,-0.9853121665443041
T07,30% smaller portion,5.5289764,7.128647892813689,-1.5996714523840012
T07,30% smaller portion,3.8524628,4.558877148985829,-0.7064143804311414
T07,30% smaller portion,18.694351,15.827090160519958,2.867261035769104
T07,30% smaller portion,4.515976,4.824462259510611,-0.3084863073621733
T07,30% smaller portion,12.471527,15.123189679279989,-2.6516625796706137
T07,30% smaller portion,7.085556,7.042786642241865,0.04276938803157293
T07,30% smaller portion,16.74002,16.740385714285708,-0.00036496233258276334
T07,30% smaller portion,2.0842361,3.611685457559929,-1.5274493125403978
T07,30% smaller portion,18.384735,17.37616989757899,1.0085652098428852
T07,30% smaller portion,4.1759872,2.816595199276321,1.3593920443760226
T07,30% smaller portion,8.498116,8.493106448165463,0.005009091385318243
T07,30% smaller portion,2.6815033,3.469384285714284,-0.7878809898158465
T07,30% smaller portion,-0.28126526,1.4021638004046793,-1.6834290591937418
T07,30% smaller portion,8.740028,8.15892502687825,0.5811033544694055
T07,30% smaller portion,6.636505,7.81205545939747,-1.1755503324443453
T07,30% smaller portion,5.130905,7.394025805608408,-2.26312065424122
T07,30% smaller portion,4.029114,3.9826165087124394,0.04649726081881056
T07,30% smaller portion,7.174591,9.341197576007787,-2.1666065115546616
T07,30% smaller portion,10.212143,9.34065000000001,0.8714929443359267
T07,30% smaller portion,3.4257965,7.55538039235924,-4.129583883570177
T07,30% smaller portion,5.6390457,7.042786642241865,-1.4037409269098333
T07,30% smaller portion,6.0419693,7.477916502241456,-1.4359472029250497
T07,30% smaller portion,10.527435,12.111305142857134,-1.5838698401227589
T07,30% smaller portion,11.027908,10.255826654388471,0.7720816708068412
T07,30% smaller portion,6.9579697,8.448610481177553,-1.4906408156502096
T07,30% smaller portion,12.112808,14.279307440104787,-2.166499212565725
T07,30% smaller portion,2.2142792,3.2386205177970453,-1.0243413429923578
T07,30% smaller portion,16.563416,15.50628202800462,1.0571334993391304
T07,30% smaller portion,6.0665665,7.182605924834462,-1.1160394575493058
T07,30% smaller portion,3.0473251,4.482618031830356,-1.435292897553012
T07,30% smaller portion,15.085556,15.351761754171719,-0.2662057238982811
T07,30% smaller portion,16.890488,15.97124552686887,0.9192421440295675
T07,30% smaller portion,-0.5728302,1.2652550896295338,-1.8380852898248463
T07,30% smaller portion,21.112015,18.067611161867262,3.0444036086405504
T07,low-GI swap (GI 50),16.472366,17.281570649245282,-0.8092043162374694
T07,low-GI swap (GI 50),18.023453,16.9905357749808,1.0329169838082635
T07,low-GI swap (GI 50),3.913086,3.709374803161296,0.20371113433870391
T07,low-GI swap (GI 50),0.81892395,1.0157865349387265,-0.196862584743414
T07,low-GI swap (GI 50),18.368973,18.599585590480388,-0.230612812160075
T07,low-GI swap (GI 50),1.4190903,2.453562354488895,-1.0344720834928012
T07,low-GI swap (GI 50),10.664047,10.35318137880384,0.31086586240709835
T07,low-GI swap (GI 50),2.3905487,2.160196331155646,0.23035237489904148
T07,low-GI swap (GI 50),2.389534,2.532709527214351,-0.1431755306323197
T07,low-GI swap (GI 50),16.08348,15.097228724304728,0.9862521106562099
T07,low-GI swap (GI 50),13.038116,16.79243229880936,-3.7543158437312343
T07,low-GI swap (GI 50),9.476875,8.803483302802334,0.673392002373447
T07,low-GI swap (GI 50),17.479767,18.60042857142858,-1.120661725725455
T07,low-GI swap (GI 50),16.01593,16.548733235789513,-0.5328030600082627
T07,low-GI swap (GI 50),3.5454254,2.166611691751015,1.3788137232880473
T07,low-GI swap (GI 50),7.608078,7.493917454263624,0.11416054866606373
T07,low-GI swap (GI 50),0.895195,1.05132857142857,-0.1561335641043513
T07,low-GI swap (GI 50),2.5860138,2.4724015232964405,0.11361227064887203
T07,low-GI swap (GI 50),5.1738586,6.00927343030574,-0.8354147877276148
T07,low-GI swap (GI 50),1.998703,2.240613880487402,-0.24191087755771434
T07,low-GI swap (GI 50),3.2982483,3.0635511605480303,0.23469713046759466
T07,low-GI swap (GI 50),6.3369675,8.24223315530098,-1.905265687039261
T07,low-GI swap (GI 50),9.807388,8.895857142857153,0.9115311628069094
T07,low-GI swap (GI 50),1.5520477,2.2895092098058285,-0.737461480313641
T07,low-GI swap (GI 50),7.951584,8.803483302802334,-0.8518994404976468
T07,low-GI swap (GI 50),12.299667,14.492160000000013,-2.192492641601575
T07,low-GI swap (GI 50),9.500702,9.049258812695712,0.45144309160116336
T07,low-GI swap (GI 50),9.483162,10.560763101471935,-1.0776011752024033
T07,low-GI swap (GI 50),12.876877,15.865897155671973,-2.989020324617286
T07,low-GI swap (GI 50),1.6876907,2.49124655215158,-0.8035558172882986
T07,low-GI swap (GI 50),14.383469,14.767887645718702,-0.3844190177890141
T07,low-GI swap (GI 50),2.0754242,2.1765472499498344,-0.1011230556138969
T07,low-GI swap (GI 50),1.952713,2.490343351016861,-0.5376303383215486
T07,low-GI swap (GI 50),12.952225,14.620725480163543,-1.6685007487182304
T07,low-GI swap (GI 50),14.881363,15.224995885196904,-0.34363297015784156
T07,low-GI swap (GI 50),17.990692,17.207248725587874,0.7834434130840009
T07,walk + smaller portion,17.137543,25.714977126076974,-8.577434401467599
T07,walk + smaller portion,0.8155594,4.018677195573616,-3.203117808366585
T07,walk + smaller portion,19.012848,24.940318722429254,-5.927470822038629
T07,walk + smaller portion,5.8953094,7.972682910261341,-2.0773734620191533
T07,walk + smaller portion,4.98333,11.833107428571424,-6.849777655622205
T07,walk + smaller portion,2.044098,4.291886218733723,-2.2477883183430976
T07,walk + smaller portion,2.6153793,4.9992959128273355,-2.383916579331242
T07,walk + smaller portion,18.989792,27.67618335863483,-8.686391488517643
T07,walk + smaller portion,2.811699,7.3018015669589715,-4.490102653384753
T07,walk + smaller portion,12.813293,17.973122873603472,-5.159829416572222
T07,walk + smaller portion,0.6349869,1.7200020754322907,-1.0850151979908844
T07,walk + smaller portion,4.886734,9.844728383386325,-4.957994374597263
T07,walk + smaller portion,2.3978043,5.971319956499087,-3.573515696245181
T07,walk + smaller portion,6.0669556,11.78603118278528,-5.71907561637903
T07,walk + smaller portion,5.31723,7.53734355298991,-2.2201133283805348
T07,walk + smaller portion,20.17273,25.84078906539301,-5.668059573205511
T07,walk + smaller portion,4.831894,7.976444269057552,-3.1445503481591146
T07,walk + smaller portion,13.69429,24.9383362821127,-11.244046120979888
T07,walk + smaller portion,7.9213104,11.644073915173223,-3.7227634903685356
T07,walk + smaller portion,17.829422,27.67743771428573,-9.848015717215418
T07,walk + smaller portion,2.0758438,5.971319956499087,-3.895476145463931
T07,walk + smaller portion,19.788544,28.72860089733058,-8.940057196158705
T07,walk + smaller portion,4.6381607,4.656770729470168,-0.01861002390376143
T07,walk + smaller portion,9.414902,14.041935994300218,-4.62703426090178
T07,walk + smaller portion,2.7829208,5.73604868571428,-2.9531278483119365
T07,walk + smaller portion,0.00932312,2.3182441500024,-2.3089210298852123
T07,walk + smaller portion,9.074463,12.584343781080818,-3.5098808904558183
T07,walk + smaller portion,7.8299866,12.915931692870487,-5.085945120604862
T07,walk + smaller portion,5.99308,12.224789331939249,-6.231709192779093
T07,walk + smaller portion,4.534073,6.584592627737891,-2.0505197517613283
T07,walk + smaller portion,7.915558,15.444113325666208,-7.528555464338083
T07,walk + smaller portion,11.463791,15.443207999999998,-3.979417106445311
T07,walk + smaller portion,4.3047028,12.491562248700603,-8.18685948991154
T07,walk + smaller portion,6.4669113,11.644073915173223,-5.177162599255254
T07,walk + smaller portion,6.6834106,12.36348861703921,-5.680077972507959
T07,walk + smaller portion,11.863815,20.024024502857145,-8.160209195239958
T07,walk + smaller portion,12.279167,16.956300068588945,-4.677132893295976
T07,walk + smaller portion,7.916046,13.968369328880215,-6.05232318630209
T07,walk + smaller portion,13.484802,23.608454967639915,-10.123652721546165
T07,walk + smaller portion,3.0712967,5.354519256091123,-2.283222564196592
T07,walk + smaller portion,18.022675,25.516026187858188,-7.493351627311313
T07,walk + smaller portion,6.970497,11.875241795726296,-4.90474466437864
T07,walk + smaller portion,3.6641464,7.4112618126261935,-3.74711538928635
T07,walk + smaller portion,16.527252,25.381579433563928,-8.854327236298303
T07,walk + smaller portion,18.257324,26.184275649620247,-7.926951430870247
T07,walk + smaller portion,-0.546196,2.091888414854168,-2.6380843987408866
T07,walk + smaller portion,22.844131,29.871783787620558,-7.027652317893995
T08,walk 10 min,1.5578003,23.945184246499082,-22.387383953530332
T08,walk 10 min,1.3315887,14.041999605097772,-12.710410859980584
T08,walk 10 min,0.856781,16.310273542505996,-15.453492536646621
T08,walk 10 min,1.6823425,33.88556220493331,-32.20321967563643
T08,walk 10 min,1.5561066,19.594172367358766,-18.038065799975953
T08,walk 10 min,1.6024017,24.12267721633637,-22.520275482937933
T08,walk 10 min,0.27304077,7.316620846866726,-7.043580075382351
T08,walk 10 min,1.7986755,24.93201882074959,-23.133343283640215
T08,walk 10 min,1.8318787,25.243920000000003,-23.412041337890628
T08,walk 10 min,1.1031189,12.889800000000008,-11.786681103515633
T08,walk 10 min,0.35655212,6.771676068986864,-6.415123944963426
T08,walk 10 min,1.619751,32.810400000000016,-31.190649023437516
T08,walk 10 min,1.9872131,16.18774555318234,-14.200532418416714
T08,walk 10 min,2.4060364,32.365699060910345,-29.95966268395722
T08,walk 10 min,0.2516327,7.8638818865653946,-7.612249196135707
T08,walk 10 min,2.2901459,28.644000000000005,-26.353854125976568
T08,walk 10 min,2.1351929,28.453525515592844,-26.318332644499094
T08,walk 10 min,0.2526703,8.10310928501687,-7.850438996930933
T08,walk 10 min,1.2898712,14.250997424498024,-12.961126208677712
T08,walk 10 min,1.6013794,18.603905759420883,-17.002526364889633
T08,walk 10 min,1.7780457,28.123199999999997,-26.345154345703122
T08,walk 10 min,0.3704071,18.15360000000001,-17.783192895507824
T08,walk 10 min,1.4888,33.59159999999997,-32.102799951171846
T08,walk 10 min,2.448822,21.352800000000002,-18.903977978515627
T08,walk 10 min,1.267334,14.023523289827892,-12.756189305452892
T08,walk 10 min,0.59239197,6.250750907720658,-5.65835893994722
T08,walk 10 min,2.2232056,26.910959675973857,-24.687754109567607
T08,walk 10 min,2.0383148,19.009199999999993,-16.970885180664055
T08,walk 10 min,1.9550629,23.52528000000001,-21.570217133789072
T08,walk 10 min,0.24917603,7.693231886425394,-7.444055861034769
T08,walk 10 min,1.499939,33.10955696359895,-31.609617998755198
T08,walk 10 min,2.2864227,21.613200000000006,-19.32677727050782
T08,walk 10 min,1.3300476,13.816403592368374,-12.4863559849465
T08,walk 10 min,0.2028656,2.1499349562820385,-1.947069355696101
T08,walk 10 min,1.5201111,14.49670427664455,-12.976593192660175
T08,walk 10 min,1.6030731,19.599675238273278,-17.99660211815609
T08,walk 10 min,1.8536072,32.28960000000001,-30.435992822265632
T08,walk 10 min,0.58898926,17.09278026012339,-16.50379100231089
T08,walk 10 min,1.4315186,28.777474234491308,-27.345955679803808
T08,walk 10 min,2.0674286,13.943982794146052,-11.876554205278865
T08,walk 10 min,1.4852448,23.189819335410107,-21.704574584433544
T08,walk 10 min,0.24665833,7.046005318907476,-6.799346993712163
T08,walk 10 min,1.6659546,30.968999999999994,-29.303045410156244
T08,walk 10 min,0.8279877,7.439999999999998,-6.61201232910156
T08,walk 10 min,1.7509766,29.931630737182076,-28.180654174682076
T08,walk 10 min,0.24255371,6.731577900622227,-6.489024189684727
T08,walk 10 min,1.7973633,28.712108930043456,-26.914745648793456
T08,walk 10 min,1.9345856,22.829057233260272,-20.89447166197121
T08,walk 10 min,1.8789062,29.945999999999998,-28.067093749999998
T08,walk 10 min,0.6313782,14.164277359034543,-13.532899185206418
T08,walk 10 min,1.9820557,16.665636373418664,-14.683580709356164
T08,walk 10 min,2.1011658,12.742401205082814,-10.641235433598439
T08,walk 10 min,1.2748566,11.562675395130242,-10.28781882774743
T08,walk 10 min,0.34065247,2.548480241016563,-2.2078277751962503
T08,walk 10 min,2.1101532,27.160183446702263,-25.050030248460075
T08,30% smaller portion,23.762283,25.655554549820465,-1.8932712246251526
T08,30% smaller portion,15.375961,15.044999576890461,0.3309617268204761
T08,30% smaller portion,17.056519,17.47529308125644,-0.41877452656893865
T08,30% smaller portion,33.47995,36.30595950528567,-2.8260095541137957
T08,30% smaller portion,19.50444,20.993756107884394,-1.4893158002672067
T08,30% smaller portion,25.472763,25.845725588931828,-0.3729625274083901
T08,30% smaller portion,6.362442,7.839236621642925,-1.4767946050413627
T08,30% smaller portion,25.829758,26.712877307945973,-0.8831196175162859
T08,30% smaller portion,24.688324,27.047057142857113,-2.3587331682477384
T08,30% smaller portion,14.020828,13.81049999999999,0.21032824707032205
T08,30% smaller portion,5.795929,7.255367216771646,-1.4594382616935206
T08,30% smaller portion,32.32263,35.153999999999996,-2.8313681640624964
T08,30% smaller portion,16.736633,17.34401309269535,-0.6073797919140986
T08,30% smaller portion,33.972534,34.67753470811823,-0.7050005284307304
T08,30% smaller portion,6.4503326,8.425587735605774,-1.9752550940042113
T08,30% smaller portion,27.72615,30.689999999999998,-2.9638494873046852
T08,30% smaller portion,31.704117,30.485920195278027,1.2181966260110357
T08,30% smaller portion,6.4780884,8.681902805375216,-2.2038144264689663
T08,30% smaller portion,16.205276,15.268925811962163,0.9363506772956498
T08,30% smaller portion,21.202393,19.93275617080809,1.2696364073169093
T08,30% smaller portion,29.188538,30.132000000000005,-0.943462402343755
T08,30% smaller portion,14.773987,19.450285714285712,-4.676298897879462
T08,30% smaller portion,33.28801,35.990999999999985,-2.702990356445298
T08,30% smaller portion,20.030228,22.877999999999986,-2.8477723388671734
T08,30% smaller portion,13.7578125,15.025203524815595,-1.2673910248155948
T08,30% smaller portion,5.2577972,6.697233115414974,-1.4394358742040367
T08,30% smaller portion,26.610275,28.826027788292322,-2.2157525197376344
T08,30% smaller portion,17.41745,20.36700000000002,-2.9495500488281436
T08,30% smaller portion,24.784515,25.20565714285715,-0.42114176199777376
T08,30% smaller portion,7.255905,8.242748449741498,-0.9868432983743105
T08,30% smaller portion,30.581146,35.47452531814173,-4.893379077907355
T08,30% smaller portion,19.67958,23.15700000000001,-3.477419311523448
T08,30% smaller portion,12.479431,14.80328956325181,-2.323858410908059
T08,30% smaller portion,2.496872,2.3035017388735923,0.19337020936859517
T08,30% smaller portion,15.665939,15.53218315354772,0.13375617750696733
T08,30% smaller portion,20.833649,20.999652041007096,-0.1660033593664707
T08,30% smaller portion,31.055618,34.596000000000004,-3.540381713867191
T08,30% smaller portion,14.640869,18.29940763954349,-3.658538498918489
T08,30% smaller portion,30.004059,30.73300636452194,-0.7289475266313161
T08,30% smaller portion,15.446808,14.939981565156472,0.5068262961716528
T08,30% smaller portion,25.71907,24.846235002225114,0.8728354323451981
T08,30% smaller portion,4.612503,7.5492914131151565,-2.936788361357344
T08,30% smaller portion,27.944794,33.18107142857144,-5.2362777273995675
T08,30% smaller portion,6.9805756,7.971428571428561,-0.9908530099051234
T08,30% smaller portion,31.961868,32.0696043612665,-0.10773607513368688
T08,30% smaller portion,5.781662,7.212404893523825,-1.4307429062191375
T08,30% smaller portion,30.98198,30.72011627479543,0.26186309532175756
T08,30% smaller portion,23.843155,24.459704178493155,-0.6165492712665923
T08,30% smaller portion,32.11258,32.08500000000001,0.027579345703117042
T08,30% smaller portion,13.419174,15.176011456108427,-1.756837261772489
T08,30% smaller portion,17.145401,17.85603897151998,-0.7106379705434165
T08,30% smaller portion,12.108704,13.65257271973158,-1.5438691064503303
T08,30% smaller portion,12.653061,12.388580780496682,0.26448013258925585
T08,30% smaller portion,1.2171631,2.7305145439463274,-1.5133514580088274
T08,30% smaller portion,26.472382,29.100196550038106,-2.627814958241231
T08,low-GI swap (GI 50),27.291595,30.698954162178325,-3.4073587031939496
T08,low-GI swap (GI 50),21.409256,21.844116351570506,-0.4348603701251932
T08,low-GI swap (GI 50),28.492691,34.57710429074825,-6.08441325070919
T08,low-GI swap (GI 50),22.881104,25.1207338043061,-2.2396302886810986
T08,low-GI swap (GI 50),20.98291,22.80505199023395,-1.8221418339839488
T08,low-GI swap (GI 50),3.6313477,4.3551314564682855,-0.7237838002182855
T08,low-GI swap (GI 50),27.15802,29.68097478660664,-2.5229547670753902
T08,low-GI swap (GI 50),27.999481,32.363999999999976,-4.364518798828101
T08,low-GI swap (GI 50),4.278015,4.185000000000002,0.09301513671874773
T08,low-GI swap (GI 50),3.384018,4.0307595648731365,-0.646741620537199
T08,low-GI swap (GI 50),27.473541,33.47999999999999,-6.006458740234365
T08,low-GI swap (GI 50),15.522507,16.51810770732891,-0.9956009934617214
T08,low-GI swap (GI 50),29.314941,33.02622353154118,-3.711282125291177
T08,low-GI swap (GI 50),3.6675568,4.680882075336541,-1.0133253126412285
T08,low-GI swap (GI 50),23.435593,29.2285714285714,-5.792978777204212
T08,low-GI swap (GI 50),27.605606,29.03420970978857,-1.4286036306870074
T08,low-GI swap (GI 50),3.6616669,4.823279336319558,-1.1616124662023708
T08,low-GI swap (GI 50),14.307312,13.472581598790157,0.8347304129285931
T08,low-GI swap (GI 50),19.203033,18.983577305531526,0.21945614173409922
T08,low-GI swap (GI 50),25.455582,28.697142857142865,-3.241561192103802
T08,low-GI swap (GI 50),18.487534,24.312857142857126,-5.825323573521189
T08,low-GI swap (GI 50),28.514618,34.27714285714285,-5.762524937220974
T08,low-GI swap (GI 50),17.306442,21.78857142857143,-4.4821291678292425
T08,low-GI swap (GI 50),3.9380188,4.553091977216866,-0.6150731783887409
T08,low-GI swap (GI 50),4.422882,5.1517177810884505,-0.7288357010103255
T08,low-GI swap (GI 50),23.065567,27.458121993779145,-4.392554977177582
T08,low-GI swap (GI 50),15.579071,19.397142857142853,-3.8180718122209782
T08,low-GI swap (GI 50),19.812057,22.240285714285704,-2.428228219168517
T08,low-GI swap (GI 50),5.746338,6.340575730570379,-0.5942378399453787
T08,low-GI swap (GI 50),26.913605,33.785262207754016,-6.871657471425891
T08,low-GI swap (GI 50),17.17929,22.054285714285697,-4.874994942801322
T08,low-GI swap (GI 50),3.678238,4.48584532219752,-0.8076074071584571
T08,low-GI swap (GI 50),13.805206,13.70486748842444,0.10033881040368442
T08,low-GI swap (GI 50),24.560974,25.12778876701705,-0.5668146459233014
T08,low-GI swap (GI 50),26.761002,32.94857142857143,-6.187569841657364
T08,low-GI swap (GI 50),18.369293,22.824260312368807,-4.454967099478182
T08,low-GI swap (GI 50),25.45224,29.336197700214342,-3.883957709979967
T08,low-GI swap (GI 50),11.602341,11.49229351165883,0.11004718658335833
T08,low-GI swap (GI 50),27.587341,27.606927780250118,-0.01958647165636762
T08,low-GI swap (GI 50),3.7252197,5.80714724085783,-2.08192751429533
T08,low-GI swap (GI 50),29.058365,36.86785714285713,-7.809492274693071
T08,low-GI swap (GI 50),33.08693,35.63289373474055,-2.545964413451486
T08,low-GI swap (GI 50),4.6249237,5.548003764249103,-0.9230800581944152
T08,low-GI swap (GI 50),26.273102,29.285825314258318,-3.012723507617693
T08,low-GI swap (GI 50),26.909409,29.268022093923435,-2.358613524587497
T08,low-GI swap (GI 50),27.84134,30.55714285714288,-2.7158037458147533
T08,low-GI swap (GI 50),17.039917,18.970014320135533,-1.9300973279480331
T08,low-GI swap (GI 50),4.7868195,5.41092090046061,-0.6241014424527975
T08,low-GI swap (GI 50),11.903275,13.002450209268176,-1.0991756731353632
T08,low-GI swap (GI 50),22.675522,27.714472904798214,-5.038951054212276
T08,walk + smaller portion,25.613586,42.41718352236981,-16.80359709658856
T08,walk + smaller portion,16.374588,24.87439930045889,-8.499811287763578
T08,walk + smaller portion,17.919205,28.892484561010605,-10.973279849096542
T08,walk + smaller portion,35.69397,60.02585304873898,-24.33188332217648
T08,walk + smaller portion,21.066147,34.70967676503551,-13.643529914449573
T08,walk + smaller portion,26.503143,42.73159964036728,-16.228456329820403
T08,walk + smaller portion,6.6220856,12.96087121444964,-6.338785643160577
T08,walk + smaller portion,27.626144,43.80476082058675,-16.178616411407063
T08,walk + smaller portion,26.43486,44.71780114285713,-18.28294091336494
T08,walk + smaller portion,14.875687,22.83336,-7.9576733544921865
T08,walk + smaller portion,6.0516205,11.995540465062447,-5.94391998166401
T08,walk + smaller portion,34.630524,58.12128000000001,-23.490756318359388
T08,walk + smaller portion,18.61589,28.675434979922983,-10.059544476993295
T08,walk + smaller portion,35.95079,57.06832409493916,-21.11753368966572
T08,walk + smaller portion,6.683182,13.930305056201547,-7.247123293506235
T08,walk + smaller portion,29.842468,50.74080000000001,-20.898331738281257
T08,walk + smaller portion,33.419815,50.40338805619302,-16.98357299271646
T08,walk + smaller portion,6.7168427,14.314971291725783,-7.5981286403585955
T08,walk + smaller portion,17.084564,25.244624009110794,-8.160059800126419
T08,walk + smaller portion,22.782745,32.95549020240273,-10.172744841074604
T08,walk + smaller portion,30.80095,49.81824,-19.017290903320315
T08,walk + smaller portion,15.03212,32.15780571428573,-17.125685963309166
T08,walk + smaller portion,34.773834,59.50511999999998,-24.73128577148435
T08,walk + smaller portion,22.073502,37.808080390287756,-15.734578803373694
T08,walk + smaller portion,14.852539,24.841669827695142,-9.989130765195142
T08,walk + smaller portion,5.881836,11.072758750819418,-5.190922813319418
T08,walk + smaller portion,28.801743,47.59369528901311,-18.791952735302175
T08,walk + smaller portion,19.450424,33.67344,-14.223015805664062
T08,walk + smaller portion,26.087082,41.478448842194865,-15.391366933015178
T08,walk + smaller portion,7.487259,13.628010770239285,-6.140751859106473
T08,walk + smaller portion,32.658997,58.65121519266097,-25.99221861062972
T08,walk + smaller portion,21.712921,38.28624000000002,-16.573318857421896
T08,walk + smaller portion,13.59407,24.474772077909677,-10.880701643339364
T08,walk + smaller portion,1.7810669,3.808456208271025,-2.027389313739775
T08,walk + smaller portion,16.64859,25.67987614719891,-9.031286059308286
T08,walk + smaller portion,22.62297,34.719424707798424,-12.096454126743737
T08,walk + smaller portion,32.67943,57.07916442289556,-24.39973632230962
T08,walk + smaller portion,15.102219,30.12435595786033,-15.022137329930644
T08,walk + smaller portion,31.631943,49.89722123882211,-18.265278489798675
T08,walk + smaller portion,16.912079,24.108528028963462,-7.1964491715415875
T08,walk + smaller portion,26.729477,41.07910853701219,-14.349631608301252
T08,walk + smaller portion,4.8407288,12.481495136350418,-7.640766376584793
T08,walk + smaller portion,29.46782,54.794590462210124,-25.326771248342936
T08,walk + smaller portion,7.780945,13.17942857142856,-5.398483747209809
T08,walk + smaller portion,33.584213,53.02174587729394,-19.437532620458
T08,walk + smaller portion,6.0054626,11.924509423959393,-5.9190467774750175
T08,walk + smaller portion,32.798523,50.39858825336492,-17.60006530414617
T08,walk + smaller portion,25.654099,40.440044241775354,-14.785945731033166
T08,walk + smaller portion,33.876907,53.047200000000004,-19.17029265136719
T08,walk + smaller portion,13.929108,25.091005607432635,-11.16189794141701
T08,walk + smaller portion,18.408218,29.467464085536307,-11.059245701747244
T08,walk + smaller portion,13.47081,22.572253563289536,-9.101443626766098
T08,walk + smaller portion,13.737015,20.482453557087865,-6.745438786580053
T08,walk + smaller portion,1.5811462,4.5144507126579185,-2.9333044724235435
T08,walk + smaller portion,28.335495,48.1123249627297,-19.776829967612514
T09,walk 10 min,0.66999817,2.608996030920821,-1.9389978619755084
T09,walk 10 min,0.8417053,15.079762673774468,-14.238057351508843
T09,walk 10 min,-1.1961975,0.7935491676061588,-1.9897466773717838
T09,walk 10 min,0.56658936,8.270963058479907,-7.704373703011157
T09,walk 10 min,0.56455994,4.544586011274504,-3.9800260747510663
T09,walk 10 min,0.8032837,10.343084200802934,-9.539800509396684
T09,walk 10 min,0.8133087,9.895884830359421,-9.082576114539108
T09,walk 10 min,1.1319733,16.112623130882326,-14.980649864280764
T09,walk 10 min,1.5675659,10.49465931898149,-8.92709340101274
T09,walk 10 min,0.5615845,5.10408000000001,-4.54249552734376
T09,walk 10 min,-0.5784302,1.981775018635716,-2.560205194416966
T09,walk 10 min,0.81762695,10.224780950140143,-9.407153997015143
T09,walk 10 min,1.270752,20.436865577973833,-19.166113624848833
T09,walk 10 min,0.47831726,3.8682678297890476,-3.38995056904686
T09,walk 10 min,1.3848724,20.7299583522869,-19.345085915763462
T09,walk 10 min,0.8195038,8.679894246379234,-7.860390462199547
T09,walk 10 min,0.55093384,2.6165798246732095,-2.0656459867825845
T09,walk 10 min,0.8173981,8.429827818454328,-7.612429747165265
T09,walk 10 min,1.05896,17.459794596274094,-16.400834635336594
T09,walk 10 min,1.0583191,8.236159641380112,-7.177840549583237
T09,walk 10 min,0.52853394,4.39309981089869,-3.864565875351815
T09,walk 10 min,0.84490967,18.797643314727054,-17.952733646758304
T09,walk 10 min,0.21936035,3.0284910214305114,-2.8091306698680114
T09,walk 10 min,0.7878113,8.056311565441149,-7.268500286144274
T09,walk 10 min,1.0432434,18.283181497692425,-17.2399380894893
T09,walk 10 min,0.17458344,4.458669080966843,-4.284085645908249
T09,walk 10 min,0.79444885,9.858604221898219,-9.064155369359156
T09,walk 10 min,0.55426025,3.873958057994855,-3.319697804088605
T09,walk 10 min,0.8334961,9.86711382415146,-9.03361773040146
T09,30% smaller portion,4.491791,0.6532262618098343,3.8385645096745407
T09,30% smaller portion,13.730896,12.6475619618939,1.0833340341998507
T09,30% smaller portion,-0.42436218,0.3020704624850623,-0.7264326451022498
T09,30% smaller portion,8.133774,7.082593077325498,1.0511807263854394
T09,30% smaller portion,2.9913635,3.812552072176487,-0.8211885467858622
T09,30% smaller portion,6.928192,8.32766434367798,-1.3994722050061057
T09,30% smaller portion,5.9095306,7.697201491070359,-1.7876708514219217
T09,30% smaller portion,12.9978485,13.51723007408026,-0.5193815633380723
T09,30% smaller portion,8.670746,7.413024022172721,1.2577218274366544
T09,30% smaller portion,4.1588593,4.082188403763723,0.07667084916596423
T09,30% smaller portion,-0.31847382,1.120391107221792,-1.4388649231397608
T09,30% smaller portion,8.53421,8.385506835009124,0.14870337006900058
T09,30% smaller portion,18.730331,17.14493113669667,1.5854002842017678
T09,30% smaller portion,6.5521545,-0.11652431695848975,6.668678857974115
T09,30% smaller portion,16.665237,17.63016503679185,-0.9649276100340387
T09,30% smaller portion,8.119034,7.4327691305904295,0.686264682886133
T09,30% smaller portion,2.937729,2.1951057385258537,0.7426231433100838
T09,30% smaller portion,6.4695587,6.556875344245128,-0.08731662842481569
T09,30% smaller portion,13.364899,14.965544364696456,-1.6006456830558307
T09,30% smaller portion,6.75811,6.362953984461683,0.39515606192503583
T09,30% smaller portion,0.70791626,3.6854670031039234,-2.9775507433382984
T09,30% smaller portion,16.871552,16.096802448467088,0.7747490652047873
T09,30% smaller portion,6.9125977,0.8007210133475553,6.111876642902445
T09,30% smaller portion,5.5157623,6.75861503704013,-1.2428527079385674
T09,30% smaller portion,17.273087,15.65625838145641,1.6168281663951518
T09,30% smaller portion,1.7374268,3.8180485807592106,-2.0806218229467106
T09,30% smaller portion,9.630783,8.085199427694732,1.5455836533599552
T09,30% smaller portion,1.7905426,2.821798106726817,-1.0312555041877545
T09,30% smaller portion,11.916397,8.449409285230445,3.4669878094961177
T09,low-GI swap (GI 50),3.7262573,0.7332509706229473,2.9930063535958027
T09,low-GI swap (GI 50),15.066727,14.052846624326548,1.013880060243764
T09,low-GI swap (GI 50),2.471054,2.1462403264622765,0.32481375068616103
T09,low-GI swap (GI 50),6.123291,7.3479391267746905,-1.2246481111496905
T09,low-GI swap (GI 50),4.519928,5.920924223900272,-1.400996245384647
T09,low-GI swap (GI 50),15.254486,16.174463336506278,-0.9199772525219032
T09,low-GI swap (GI 50),11.41127,9.216280790655361,2.1949893509462015
T09,low-GI swap (GI 50),2.4280853,2.5410626772754767,-0.11297735012703924
T09,low-GI swap (GI 50),17.122635,16.328505844473,0.7941290432223127
T09,low-GI swap (GI 50),7.8902664,-0.14565539619810863,8.03592181465514
T09,low-GI swap (GI 50),14.974945,16.790633368373193,-1.815688300013818
T09,low-GI swap (GI 50),7.8784637,7.078827743419453,0.7996360016977349
T09,low-GI swap (GI 50),5.074478,5.043750264803947,0.030727884610115552
T09,low-GI swap (GI 50),12.161545,14.257661590354502,-2.0961167905498144
T09,low-GI swap (GI 50),5.815689,5.779076327052593,0.03661275986146961
T09,low-GI swap (GI 50),0.34002686,1.1168081827587741,-0.7767813272900241
T09,low-GI swap (GI 50),18.297821,17.885336053852313,0.4124849910695616
T09,low-GI swap (GI 50),3.9846725,0.44484500741529587,3.539827538971423
T09,low-GI swap (GI 50),4.3365936,5.19893464387701,-0.8623410159473224
T09,low-GI swap (GI 50),15.934692,14.910722268053718,1.0239701147587823
T09,low-GI swap (GI 50),1.3488083,2.9369604467378565,-1.5881521581636378
T09,low-GI swap (GI 50),9.273529,7.700189931137828,1.5733391215965469
T09,low-GI swap (GI 50),0.60601807,0.8550903353717558,-0.24907226896550583
T09,low-GI swap (GI 50),3.441681,2.560427056130436,0.8812538520726889
T09,walk + smaller portion,4.987076,1.7795234834543976,3.207552322209665
T09,walk + smaller portion,14.554642,23.20657483840955,-8.651933114776739
T09,walk + smaller portion,-1.6044159,0.8575548798093564,-2.461970773364044
T09,walk + smaller portion,8.554718,12.872267218261442,-4.317549200683317
T09,walk + smaller portion,3.3065643,6.993762280068637,-3.6871979490139495
T09,walk + smaller portion,7.68779,15.616290583677994,-7.928500666685807
T09,walk + smaller portion,6.684784,14.62432087232196,-7.9395369367750845
T09,walk + smaller portion,13.766754,24.796066265697874,-11.029312115307249
T09,walk + smaller portion,10.240662,14.619287681690253,-4.378626060596503
T09,walk + smaller portion,4.540451,7.655044403763725,-3.1145933539590374
T09,walk + smaller portion,-1.0962753,2.5076336202668017,-3.6039089498566454
T09,walk + smaller portion,9.131439,15.542853500107213,-6.4114142911228384
T09,walk + smaller portion,19.58841,31.45073704127833,-11.862327617450205
T09,walk + smaller portion,6.858185,2.591263163893842,4.266921650559283
T09,walk + smaller portion,17.517334,31.92866672202635,-14.41133273765135
T09,walk + smaller portion,8.886917,13.508695103055885,-4.621777988798073
T09,walk + smaller portion,3.3403473,4.0267116157970975,-0.686364325758035
T09,walk + smaller portion,7.1603394,12.457754817163135,-5.297415461694385
T09,walk + smaller portion,14.5008545,27.117396309627367,-12.616541817439867
T09,walk + smaller portion,7.133148,11.542971044299804,-4.409822850940429
T09,walk + smaller portion,0.868515,6.760636870733009,-5.892121856084572
T09,walk + smaller portion,17.660675,29.255152768776014,-11.59447771994789
T09,walk + smaller portion,7.201683,2.9206647283488962,4.2810183160846975
T09,walk + smaller portion,6.166794,12.398033132848951,-6.231239309606764
T09,walk + smaller portion,18.268814,28.4544854298411,-10.185671342927037
T09,walk + smaller portion,1.9472122,6.939116937435998,-4.991904718197716
T09,walk + smaller portion,10.336044,14.986222383023488,-4.650178071500051
T09,walk + smaller portion,2.0743866,5.533568747323244,-3.4591821506435565
T09,walk + smaller portion,12.581757,15.356388962136464,-2.7746323703395888
T10,walk 10 min,1.3440247,21.14426353133115,-19.800238873128023
T10,walk 10 min,0.721756,12.514490110445166,-11.792734128999854
T10,walk 10 min,0.23477173,2.730076019319938,-2.495304290804313
T10,walk 10 min,1.1520386,35.51233064089547,-34.36029206667672
T10,walk 10 min,1.0652008,19.281584762759962,-18.2163839570959
T10,walk 10 min,1.8322296,12.530132105074301,-10.697902490816489
T10,walk 10 min,1.1499329,14.892332020020376,-13.742399158692251
T10,walk 10 min,0.8278961,12.02378370020216,-11.195887582038097
T10,walk 10 min,0.9894562,11.868399711926116,-10.878943535168304
T10,walk 10 min,1.761734,32.24833815216846,-30.486604143379395
T10,walk 10 min,-1.7231293,5.877435532574026,-7.6005648050349635
T10,walk 10 min,1.6710205,32.83824677690325,-31.167226269090747
T10,walk 10 min,1.287735,15.3376242431045,-14.049889257752938
T10,walk 10 min,1.6268768,13.196141971839921,-11.569265140785234
T10,walk 10 min,0.9909363,16.629805040142628,-15.638868760845753
T10,walk 10 min,1.7832184,29.8887036532293,-28.105485269440237
T10,walk 10 min,1.4864349,18.886138299829753,-17.399703363306315
T10,walk 10 min,0.8055725,28.78810235386203,-27.982529844096405
T10,walk 10 min,0.2814026,13.70835280336081,-13.426950215470185
T10,walk 10 min,1.4966736,18.680439783268326,-17.18376619928395
T10,walk 10 min,1.7393951,28.218983882540556,-26.479588740938993
T10,walk 10 min,-1.6311951,5.79112090481425,-7.422315973173625
T10,walk 10 min,1.2521362,35.16245060282591,-33.91031437235716
T10,walk 10 min,1.0485535,13.511716595115871,-12.463163128318996
T10,walk 10 min,1.7468872,30.352722267583545,-28.605835060552295
T10,walk 10 min,0.504303,3.993250784680413,-3.488947806164788
T10,walk 10 min,1.1004028,13.361063058078315,-12.260660226047065
T10,walk 10 min,0.99879456,13.511716595115871,-12.512922039451809
T10,walk 10 min,0.5570679,8.913547769268831,-8.356479898175081
T10,walk 10 min,0.9740753,16.129465939295585,-15.155390621912773
T10,walk 10 min,1.240036,16.81057071758366,-15.570534706841471
T10,walk 10 min,1.0919495,13.782647999999995,-12.69069853710937
T10,walk 10 min,0.60987854,14.155861387973744,-13.545982847934681
T10,walk 10 min,1.4277344,25.703161506301512,-24.275427131301512
T10,walk 10 min,0.66423035,8.097632573629028,-7.43340222694934
T10,walk 10 min,1.5075989,30.141187912952546,-28.63358903599942
T10,walk 10 min,1.6284485,32.05170194392355,-30.423253457595422
T10,walk 10 min,1.4777527,23.210879568832354,-21.73312688328548
T10,walk 10 min,0.49491882,11.407172986931755,-10.912254163689568
T10,walk 10 min,0.69018555,16.422728956373703,-15.732543409498703
T10,walk 10 min,1.2440186,14.899406407587236,-13.655387852899736
T10,walk 10 min,0.9946594,16.517487299982918,-15.522827876154793
T10,walk 10 min,1.6759033,30.176764457336674,-28.500861137024174
T10,walk 10 min,0.5237732,4.50619362961163,-3.982420436252255
T10,walk 10 min,1.0594788,31.701599999999985,-30.64212124023436
T10,walk 10 min,0.8776398,20.973367594862054,-20.095727824354242
T10,walk 10 min,1.4146729,15.015066474398793,-13.600393622836293
T10,walk 10 min,1.6460266,28.566648245858005,-26.92062163452988
T10,walk 10 min,1.422348,16.06214399999999,-14.639795977539052
T10,walk 10 min,1.6895599,29.1021588202496,-27.41259888372616
T10,walk 10 min,-0.74420166,5.053692319970935,-5.797893980127185
T10,walk 10 min,1.605133,26.15261569657565,-24.547482639935026
T10,30% smaller portion,23.404984,11.900273280305754,11.504710240202058
T10,30% smaller portion,9.484558,7.990660546996992,1.4938975584717582
T10,30% smaller portion,6.7277985,-3.616825877901789,10.344624339815851
T10,30% smaller portion,36.69626,17.06452606186093,19.631732483060944
T10,30% smaller portion,16.547592,12.311536250187942,4.236055912897996
T10,30% smaller portion,9.543915,3.3189654458687414,6.224949349053134
T10,30% smaller portion,11.8103485,6.444361295151339,5.365987215590849
T10,30% smaller portion,9.210846,6.695623340762381,2.5152226065032437
T10,30% smaller portion,9.373993,7.5781236388467335,1.7958692810751415
T10,30% smaller portion,26.036362,20.5909726328901,5.445389061445837
T10,30% smaller portion,-1.9173737,-2.0124993231353017,0.09512566590873917
T10,30% smaller portion,24.656296,20.967636766418593,3.6886590099485943
T10,30% smaller portion,11.449341,9.793267471740421,1.6560733485720789
T10,30% smaller portion,9.356842,7.4643972774398435,1.8924447635757815
T10,30% smaller portion,12.7057495,10.618341288040881,2.087408223677869
T10,30% smaller portion,20.643616,19.084316098776185,1.5592996238800652
T10,30% smaller portion,13.119553,11.397735018677963,1.7218175936267244
T10,30% smaller portion,29.426117,13.36219356790076,16.063923375458614
T10,30% smaller portion,6.28096,8.752957007709398,-2.4719969247015854
T10,30% smaller portion,13.92131,11.92769756173513,1.9936128630695578
T10,30% smaller portion,31.604279,17.71604464859726,13.888233915855864
T10,30% smaller portion,-1.6856232,-0.6862893606592024,-0.9993338082861101
T10,30% smaller portion,38.22165,14.580317659955995,23.64133150996588
T10,30% smaller portion,10.074661,8.627402296533205,1.4472589583496074
T10,30% smaller portion,32.0103,18.25829508949272,13.752004593124468
T10,30% smaller portion,-0.7635498,-2.5684889455080224,1.8049391408205224
T10,30% smaller portion,9.967819,8.063366575325574,1.9044526385416134
T10,30% smaller portion,8.917511,8.627402296533205,0.2901086897949199
T10,30% smaller portion,14.759842,-2.841474100759683,17.601316019704996
T10,30% smaller portion,14.6931305,9.73049049328418,4.962639999879883
T10,30% smaller portion,18.718964,7.155443604685161,11.563520018361714
T10,30% smaller portion,16.267502,7.232325483379185,9.035176347675502
T10,30% smaller portion,13.142303,7.677888795241046,5.464414671555829
T10,30% smaller portion,21.251251,16.41179438945511,4.839456831248015
T10,30% smaller portion,4.4597473,4.580425602065361,-0.12067828761223609
T10,30% smaller portion,34.749603,17.049361963243257,17.700241308241118
T10,30% smaller portion,23.677353,20.465417921713964,3.2119349835594733
T10,30% smaller portion,15.421066,12.357533136989645,3.063533147190043
T10,30% smaller portion,12.847778,5.076917315595523,7.770861004716977
T10,30% smaller portion,7.3383026,9.91107392928518,-2.572771316980493
T10,30% smaller portion,10.2894745,7.750914491690622,2.538559995614065
T10,30% smaller portion,10.9423065,7.147615007915846,3.7946915106388417
T10,30% smaller portion,22.2668,18.21159834506153,4.055201581696281
T10,30% smaller portion,-0.6678772,-0.9677144250236154,0.2998372277579904
T10,30% smaller portion,34.450592,16.635140761332195,17.81545127968343
T10,30% smaller portion,23.757965,9.075808824004753,14.682156263885872
T10,30% smaller portion,12.087936,9.06155330677501,3.026383094592177
T10,30% smaller portion,29.664108,16.158723651730583,13.505384624636605
T10,30% smaller portion,14.630585,6.338146327393446,8.29243838940343
T10,30% smaller portion,22.783829,18.582097254071556,4.201731481280007
T10,30% smaller portion,-0.6091919,-0.14890338893991384,-0.46028850559133616
T10,30% smaller portion,20.352737,16.698776586429176,3.6539608403286366
T10,low-GI swap (GI 50),21.23404,11.405022171719793,9.829017134920832
T10,low-GI swap (GI 50),2.7784882,2.421412286968774,0.3570758722109133
T10,low-GI swap (GI 50),3.7266846,-2.0093477099454162,5.736032280257916
T10,low-GI swap (GI 50),33.158997,16.251929582724642,16.907066999306608
T10,low-GI swap (GI 50),19.249344,14.731752778002658,4.5175910940676545
T10,low-GI swap (GI 50),14.344894,8.055451618939145,6.2894427902405425
T10,low-GI swap (GI 50),7.003708,5.829325876035966,1.1743820097062212
T10,low-GI swap (GI 50),22.555893,19.610450126562,2.9454428177739373
T10,low-GI swap (GI 50),-1.8692169,-0.14027875807863666,-1.7289381608666758
T10,low-GI swap (GI 50),21.613403,19.969177872779596,1.6442254475329037
T10,low-GI swap (GI 50),10.514526,9.326921401657529,1.187604965529971
T10,low-GI swap (GI 50),2.777954,2.2619385689211526,0.5160155326413474
T10,low-GI swap (GI 50),15.530487,13.272926610051115,2.2575604504957596
T10,low-GI swap (GI 50),18.156265,18.175539141691615,-0.01927388290255294
T10,low-GI swap (GI 50),11.6002655,10.854985732074226,0.7452797708554613
T10,low-GI swap (GI 50),26.676819,12.778279879120532,13.898538968535718
T10,low-GI swap (GI 50),7.8040314,10.94119625963674,-3.1371648875664278
T10,low-GI swap (GI 50),12.320923,11.35971196355726,0.9612108880052403
T10,low-GI swap (GI 50),27.869675,16.872423474854543,10.997251207762645
T10,low-GI swap (GI 50),-1.8509674,-0.3812718670328934,-1.469695540193669
T10,low-GI swap (GI 50),34.730225,13.957445390434259,20.77277921894074
T10,low-GI swap (GI 50),7.400131,6.636463305025558,0.7636679205603798
T10,low-GI swap (GI 50),33.19803,20.209217105187236,12.98881145926589
T10,low-GI swap (GI 50),-1.7231903,-1.8834544435097769,0.16026413589258937
T10,low-GI swap (GI 50),8.550766,7.114735213522579,1.4360307776883587
T10,low-GI swap (GI 50),6.4868927,6.636463305025558,-0.1495706048302452
T10,low-GI swap (GI 50),18.329453,-3.551842625949604,21.88129514059804
T10,low-GI swap (GI 50),4.41008,2.949724383715818,1.4603555723388695
T10,low-GI swap (GI 50),17.16092,6.862327242557285,10.29859194689584
T10,low-GI swap (GI 50),4.644684,2.1916137828421824,2.4530700550484426
T10,low-GI swap (GI 50),16.467789,9.547361756990767,6.920426939298295
T10,low-GI swap (GI 50),22.225082,18.235327099394567,3.9897552980663704
T10,low-GI swap (GI 50),36.624527,18.943735514714717,17.680791462824345
T10,low-GI swap (GI 50),20.826721,19.490874211156125,1.3358469802501247
T10,low-GI swap (GI 50),17.374252,14.78679178785086,2.5874605314850783
T10,low-GI swap (GI 50),9.035568,12.388842411606447,-3.3532741743017596
T10,low-GI swap (GI 50),8.9578705,6.850807622493562,2.1070628609048754
T10,low-GI swap (GI 50),7.9381104,5.498165390704514,2.4399449608579857
T10,low-GI swap (GI 50),19.644058,17.344379376249066,2.299678851289997
T10,low-GI swap (GI 50),-1.0984344,-0.5376191250131228,-0.5608153232290647
T10,low-GI swap (GI 50),31.149063,15.842991201268774,15.306071909082789
T10,low-GI swap (GI 50),27.881485,10.859942182569824,17.021542802781738
T10,low-GI swap (GI 50),14.983353,11.234789639310947,3.748563021821866
T10,low-GI swap (GI 50),31.178513,17.250799500550357,13.92771307269183
T10,low-GI swap (GI 50),13.51709,6.107758407041359,7.409331436708641
T10,low-GI swap (GI 50),19.523224,17.697235480068144,1.8259883968849806
T10,low-GI swap (GI 50),-1.8197937,-0.11454106841532052,-1.7052526327565545
T10,low-GI swap (GI 50),17.60376,15.903596748980164,1.7001630166448365
T10,walk + smaller portion,24.38475,27.050800139528036,-2.6660497733170985
T10,walk + smaller portion,10.011688,16.750803624308617,-6.739115391886742
T10,walk + smaller portion,6.954895,-1.705772664377804,8.660667683909054
T10,walk + smaller portion,37.771805,37.98282515154864,-0.2110203419783261
T10,walk + smaller portion,17.53769,25.808645584119915,-8.27095637513554
T10,walk + smaller portion,11.271027,12.090057919420758,-0.819031308092633
T10,walk + smaller portion,13.141724,16.868993709165608,-3.7272700763531077
T10,walk + smaller portion,9.557327,15.360727340762395,-5.8034000702545825
T10,walk + smaller portion,10.033722,15.88600343719503,-5.852281513366904
T10,walk + smaller portion,27.790314,43.16480933940801,-15.374495618704884
T10,walk + smaller portion,-2.6411285,0.5617076858969767,-3.2028362259360392
T10,walk + smaller portion,26.138153,43.95440951025088,-17.81625643407901
T10,walk + smaller portion,12.303421,20.529604441913563,-8.22618342140575
T10,walk + smaller portion,9.842743,16.70169665772778,-6.858953737805905
T10,walk + smaller portion,13.426804,22.259204816140738,-8.83240122727355
T10,walk + smaller portion,22.0298,40.00640865603671,-17.97660824099765
T10,walk + smaller portion,14.359421,24.61803182855877,-10.258611052191583
T10,walk + smaller portion,29.980255,33.19795246678905,-3.2176973398359223
T10,walk + smaller portion,6.4005585,18.348803970061965,-11.948245498382278
T10,walk + smaller portion,15.36879,25.004005410022955,-9.635215737171393
T10,walk + smaller portion,33.309128,37.737614247023856,-4.428486439406669
T10,walk + smaller portion,-2.4232025,3.367495272710755,-5.790697787359193
T10,walk + smaller portion,39.39624,38.607939797191875,0.7883004371831248
T10,walk + smaller portion,10.749756,18.08560391311434,-7.3358480537393405
T10,walk + smaller portion,33.78647,39.56469401018376,-5.778225504324382
T10,walk + smaller portion,-0.21636963,-0.05320912377078457,-0.16316050513546543
T10,walk + smaller portion,10.420303,17.41611071598041,-6.995807371253846
T10,walk + smaller portion,9.891724,18.08560391311434,-8.19388028030184
T10,walk + smaller portion,15.403442,3.398009337728496,12.005433045084004
T10,walk + smaller portion,15.245529,21.024716623769137,-5.77918744896445
T10,walk + smaller portion,19.293869,18.462559904560862,0.8313091139938251
T10,walk + smaller portion,17.33879,16.880179083379204,0.45861181017548347
T10,walk + smaller portion,13.725143,17.653325595241057,-3.9281821626238695
T10,walk + smaller portion,22.16716,34.40400744386619,-12.236847409686504
T10,walk + smaller portion,4.7081146,10.24876840360568,-5.540653779582243
T10,walk + smaller portion,35.82823,38.14819350231005,-2.319961690786613
T10,walk + smaller portion,25.41034,42.90160928246041,-17.491269926991663
T10,walk + smaller portion,16.79712,28.842365136989656,-12.045245996364656
T10,walk + smaller portion,13.182419,12.693794772382859,0.4886240508593289
T10,walk + smaller portion,8.011993,21.406984198746756,-13.39499079054363
T10,walk + smaller portion,10.613174,18.896322877448597,-8.283148438972034
T10,walk + smaller portion,11.909668,18.70985611790391,-6.800188149153911
T10,walk + smaller portion,23.597275,39.33533346519718,-15.738058684923743
T10,walk + smaller portion,-0.109680176,2.1866211157045257,-2.2963012914857757
T10,walk + smaller portion,35.18181,38.82626076133221,-3.64445228965252
T10,walk + smaller portion,24.592041,23.757166140408202,0.8348748752167978
T10,walk + smaller portion,13.386902,19.57209983885417,-6.185197983385422
T10,walk + smaller portion,31.289993,26.430211686492783,4.85978159964003
T10,walk + smaller portion,15.319412,16.751308408875047,-1.431896177429735
T10,walk + smaller portion,24.452713,38.95360842824624,-14.500895415550929
T10,walk + smaller portion,-1.134964,3.388681235039712,-4.523645224297525
T10,walk + smaller portion,21.920258,35.005607574032126,-13.085350005672751
